transaction_id,user_id,timestamp,pack,price,currency
e9cf47c5-17d1-4d18-bc37-cc125d8ca9c6,a399580f,2025-11-10T23:46:50,Rescue Pack,0.99,USD
11980397-98c7-4f48-ae69-45bf0c445877,9643bbd5,2025-12-02T18:30:18,Rescue Pack,0.99,USD
789fe1d0-57e8-4185-9614-78043ac434a1,18af383d,2025-12-28T04:50:41,Rescue Pack,0.99,USD
5a59e3ca-1318-4da3-8649-c5cbaad4c7b6,bcaf4262,2025-10-07T18:00:05,Rescue Pack,0.99,USD
60eb48ee-d668-4aad-a95f-95374805cded,68fc2d73,2025-11-15T01:14:09,Rescue Pack,0.99,USD
7b83eb4d-caa2-4995-aac7-297e60ee74b7,54df424e,2025-11-05T00:12:14,Rescue Pack,0.99,USD
73b0e065-3825-4184-a84a-3f6bb7e43d20,f8730f71,2025-12-23T02:23:51,Rescue Pack,0.99,USD
aad2eb9b-a051-4e24-9e5c-949dc23b3a15,292dc46d,2025-12-02T20:12:07,Rescue Pack,0.99,USD
d130c3d5-088b-4187-a45c-5d1eed1dac38,9434870a,2025-11-21T14:44:50,Rescue Pack,0.99,USD
17f84a73-a678-4036-969c-02624ed197bb,875f1e03,2025-11-24T22:45:02,Rescue Pack,0.99,USD
f9ef3038-3ef3-412c-9601-987ad76e0349,dc5a8e8d,2025-12-29T17:05:42,Rescue Pack,0.99,USD
2e4e395e-815b-4105-9d7e-4520bd424748,4d050375,2025-10-27T17:19:20,Rescue Pack,0.99,USD
131f4d7b-4a00-480a-9482-e13aa39a8150,c226413b,2025-11-24T15:41:59,Rescue Pack,0.99,USD
c1927b6c-d2c0-4239-b8e0-68b207c18f3e,fc11e93f,2025-11-18T16:13:27,Rescue Pack,0.99,USD
c5d43bf2-55dc-4ec4-b37f-8de735edecdb,f93c71f1,2025-11-30T16:43:13,Rescue Pack,0.99,USD
a23c2d26-fbeb-4d2c-966f-3c411da0f30f,58a1dce8,2025-12-27T09:41:11,Rescue Pack,0.99,USD
320ca11c-f87d-4351-9fd2-2aaa2b921b5c,6f572a17,2025-11-02T03:33:30,Rescue Pack,0.99,USD
61450450-6f43-4515-80f8-369b91ac3f0e,7d45e2fd,2025-12-09T09:22:27,Rescue Pack,0.99,USD
919d0e67-8a92-4a71-b9c2-329ee1af8d53,599f2584,2025-12-11T21:30:36,Rescue Pack,0.99,USD
d815992e-e973-4f20-ad0f-cfd7e8e50346,31022acc,2025-10-05T07:50:46,Rescue Pack,0.99,USD
dc490647-47d5-425f-8da8-0ea797b7f6dc,4fd7f986,2025-12-29T04:42:55,Rescue Pack,0.99,USD
68a0ce71-4d1b-4e53-8828-6676a8f13de3,75c80d67,2025-11-08T02:49:05,Rescue Pack,0.99,USD
ebf17f5e-ff86-4f69-827e-bf86c8246c13,dbfeb7ed,2025-12-30T01:46:53,Rescue Pack,0.99,USD
a79f4e7e-57d6-4dbe-a659-baa023ee9c81,dbfeb7ed,2025-12-30T01:46:53,Rescue Pack,0.99,USD
adb965b7-1b8c-46dd-ac0e-ed2f16cacff5,237456d7,2025-11-03T01:44:57,Rescue Pack,0.99,USD
11cb9c72-6711-4d01-9a00-6db7d7314518,dab1c1ff,2025-12-15T10:29:03,Rescue Pack,0.99,USD
fe3d8fa8-6af4-41cb-81f3-d6407c007ded,9afc402e,2025-10-25T21:01:30,Rescue Pack,0.99,USD
9df1d55a-5505-4f6f-be88-0afa6148bd94,f2ec0626,2025-11-27T14:19:08,Rescue Pack,0.99,USD
88c7b106-6278-45f7-babb-e8f2ca7c1c70,ea1cfc18,2025-11-27T01:55:20,Rescue Pack,0.99,USD
f14a634e-9935-4bde-8248-1dced3b3a207,cae9b11b,2025-10-20T04:33:12,Rescue Pack,0.99,USD
5f44fdb7-3ab9-409c-b2f5-a48667a01cd9,85673a6b,2025-12-28T15:28:38,Rescue Pack,0.99,USD
5005a167-41a3-43f2-9057-57e5da05c065,519c3e0d,2025-10-09T20:18:29,Rescue Pack,0.99,USD
f24b7a70-ea9d-45d2-9804-8356e46e0d21,8b014457,2025-10-19T23:42:11,Rescue Pack,0.99,USD
50a5ac22-5cc4-4786-b4cd-08aad25bed9a,dd7fe2a6,2025-11-14T08:10:16,Rescue Pack,0.99,USD
4d51bf83-ccb8-4cb6-9d80-dae49f42cabc,b1c9051c,2025-10-09T04:59:42,Rescue Pack,0.99,USD
28ba443c-a4d7-409e-a3c0-50719ebff169,413e1352,2025-12-07T01:13:02,Rescue Pack,0.99,USD
ee0cdd08-b3fa-4936-a598-8864413ad82b,dad25f65,2025-12-08T04:30:21,Rescue Pack,0.99,USD
196c64de-7dfb-4283-be44-e366d3608e82,10d298e0,2025-11-12T00:39:43,Rescue Pack,0.99,USD
2cd5f03c-edb1-4a00-a592-2b8f322f7add,1ee10c41,2025-10-26T22:10:41,Rescue Pack,0.99,USD
1cb52791-9fb7-49ef-97f5-6bf92fad1868,6fa57e52,2025-11-27T07:49:32,Rescue Pack,0.99,USD
d3519635-db1c-43c7-bfe9-b1591a402042,a752da84,2025-12-10T18:40:01,Rescue Pack,0.99,USD
38a5f0f4-1cc7-45c8-aed5-c1263dffdf46,5261648e,2025-10-06T10:15:03,Rescue Pack,0.99,USD
b4edefb3-b659-4df5-98d5-d7ebfe430d7a,0c3af575,2025-11-29T07:57:10,Rescue Pack,0.99,USD
49bfaeb6-915d-43c7-95c7-299982d93c81,94901681,2025-10-22T17:23:33,Rescue Pack,0.99,USD
770f1fdd-5c5f-491f-a5a5-5372eff632a7,8cfa972a,2025-11-23T08:18:28,Rescue Pack,0.99,USD
7a23ac03-7576-4f8a-9103-bceb7f736f03,411c8919,2025-11-08T00:44:10,Rescue Pack,0.99,USD
e919b756-ed2f-4007-9e6f-4bca262b1ec1,ce0855ec,2025-11-11T22:14:01,Rescue Pack,0.99,USD
6df5407a-b811-4ee4-b0f7-4cb3d812fef6,06bf456f,2025-11-07T02:10:47,Rescue Pack,0.99,USD
7161a680-4865-4b51-95e7-e0d6f03c64f2,6655425d,2025-10-20T22:30:02,Rescue Pack,0.99,USD
ad4cf2b4-2108-42d9-9147-bcb755eb9ca5,e87c2803,2025-12-13T16:46:34,Rescue Pack,0.99,USD
6c2afc49-93da-4a15-8092-60a1e14bb32f,1ab2b618,2025-11-18T19:41:58,Rescue Pack,0.99,USD
fba9ae2c-d8a2-4d11-88d2-e1459045f69e,20b54b49,2025-10-21T20:36:19,Rescue Pack,0.99,USD
3501a84e-1c3c-40e3-96c8-6ea5d15ae419,cab42c2b,2025-10-31T06:43:51,Rescue Pack,0.99,USD
07db1906-b6fb-4ea8-9971-8c9b9f560e18,c2601e65,2025-11-28T00:07:11,Rescue Pack,0.99,USD
12535046-2bfe-4851-885b-fae25eea6650,889fe49d,2025-10-15T09:50:15,Rescue Pack,0.99,USD
bc0f332e-815a-40e6-8f24-217f7f055cf8,1709b4d0,2025-12-20T08:53:25,Rescue Pack,0.99,USD
e9abd0ad-ec4d-4cb1-b0c7-41daa4559fc5,34009c2c,2025-10-15T14:35:34,Rescue Pack,0.99,USD
8e938e6f-547e-4669-9201-842ee5aef63f,f47011f3,2025-10-30T08:44:53,Rescue Pack,0.99,USD
3b078a30-4ebb-4066-8162-9832f1c27467,f47011f3,2025-10-30T08:44:53,Rescue Pack,0.99,USD
0fa2fc58-7455-4bd0-9d8c-73524e54f886,5ea65954,2025-11-21T10:19:14,Rescue Pack,0.99,USD
47a6cda8-a2b4-44d9-80b4-392ac8ea33d8,1184c1da,2025-10-18T21:41:03,Rescue Pack,0.99,USD
cefd6eb3-1ce8-473e-b1f0-4db5bd3b660a,10c19876,2025-10-16T01:10:23,Rescue Pack,0.99,USD
276b0390-aa35-4e53-98bf-845036162ced,4adc7a4c,2025-11-18T11:44:54,Rescue Pack,0.99,USD
280e6b9d-3a9e-43a6-a9b4-94a462c00dba,aa3c7e6a,2025-12-26T17:57:28,Rescue Pack,0.99,USD
57d3e39f-2c13-4d3a-a217-48b15e57d18a,0b01f93f,2025-11-29T21:32:28,Rescue Pack,0.99,USD
a0f05cba-7dff-44aa-9228-fc3b5a2ea1eb,22b89ba2,2025-11-02T10:07:27,Rescue Pack,0.99,USD
345e79c8-2226-4a06-8fbf-b5ef28ae82fd,0dc66448,2025-10-21T14:34:59,Rescue Pack,0.99,USD
c77d2087-3419-4ee4-8ab2-eed77f0a4512,6697fb3d,2025-10-19T07:28:36,Rescue Pack,0.99,USD
e4d39d5e-b283-44ad-a9ef-a289333cff89,620e2e61,2025-12-04T16:14:03,Rescue Pack,0.99,USD
313083c8-f006-487f-9957-fae5f46f4507,3597864d,2025-12-23T12:54:17,Rescue Pack,0.99,USD
9a4972d5-afb7-4ba6-a82b-07adf4f6fe55,091ab4f9,2025-10-04T01:56:12,Rescue Pack,0.99,USD
24ba5c0e-b902-436d-ae9d-f92825012ace,1c39d3e1,2025-10-17T12:39:13,Rescue Pack,0.99,USD
f2603991-fe77-445f-aa9d-ef5ba92f5bf1,bc9fba5b,2025-11-12T02:15:46,Rescue Pack,0.99,USD
5fa8d6f7-d0b7-4739-ad51-26b2c857c075,6d1b9b0a,2025-10-19T01:07:12,Rescue Pack,0.99,USD
5797c169-f399-4775-ab0d-b604fb8bcf73,d0e33eb6,2025-10-12T03:43:35,Rescue Pack,0.99,USD
3bd1bdf3-9aeb-4013-bf53-16ce24874dbb,3b1d8cf1,2025-10-27T06:45:15,Rescue Pack,0.99,USD
42d57ae4-842e-4221-b7c7-c84186b47514,3cab44e1,2025-11-08T21:28:33,Rescue Pack,0.99,USD
fc5cb36b-09e0-4cb4-bb90-dd9ba9593991,68028e5c,2025-12-30T01:02:05,Rescue Pack,0.99,USD
1c240834-0293-409c-a4ed-296d29084fc1,60105c19,2025-11-10T09:52:57,Rescue Pack,0.99,USD
2dce51b2-31d3-42e0-9bed-66a8a7790fd6,1612dcc0,2025-10-18T12:46:46,Rescue Pack,0.99,USD
e091d022-0499-4c04-8ed4-145e0dbcd2cf,ee25ca96,2025-10-26T04:56:56,Rescue Pack,0.99,USD
499b96b1-f8ad-4153-95c6-a30355fb8d88,db561037,2025-12-25T20:27:15,Rescue Pack,0.99,USD
1cc09135-eddf-45cc-ad64-63f151cb9aa3,1e7ec0e3,2025-12-23T08:29:43,Rescue Pack,0.99,USD
cab03015-4329-4dad-bf2e-70e935b38f74,75a7aba8,2025-12-22T22:04:59,Rescue Pack,0.99,USD
dbd2b868-430d-444e-ad82-3da689c0bfde,d3a1ce62,2025-11-09T23:46:48,Rescue Pack,0.99,USD
c868c78c-27be-468a-b82f-538c142f1bf2,db6d5cf0,2025-12-14T13:48:26,Rescue Pack,0.99,USD
1ebb1e03-8dc2-47e6-96e8-e0fdfd185a22,b93b81a9,2025-10-24T11:22:16,Rescue Pack,0.99,USD
8d6fa785-ba56-490b-af38-39e9ff6b327d,f8cb3370,2025-12-08T14:58:13,Rescue Pack,0.99,USD
e4eb0b21-508b-4842-8f90-8d3cfc2106ff,0bec3b47,2025-12-12T13:08:12,Rescue Pack,0.99,USD
97107699-b0a1-43f8-a501-3974a45707a8,bcf29053,2025-11-26T22:24:23,Rescue Pack,0.99,USD
6908bcd3-e9b9-4694-9ca6-f4a474804d85,309d1882,2025-11-15T21:12:42,Rescue Pack,0.99,USD
587d2fc2-30b6-4f70-b9f3-aa5b4fb2da2b,e9aac262,2025-11-24T14:20:25,Rescue Pack,0.99,USD
6a3b0cb6-6482-4687-a69a-d6910394e48e,995ba62d,2025-11-22T23:06:27,Rescue Pack,0.99,USD
da9f00ce-4a37-4bff-ae8f-fc2dabf6ad5e,49998218,2025-12-02T06:53:27,Rescue Pack,0.99,USD
a5f23358-0ad6-4346-b2de-df4abd6ab966,075f64d4,2025-12-03T06:07:49,Rescue Pack,0.99,USD
200a4337-6acb-4b4c-b363-b7d94ff9044a,9b162b27,2025-12-02T04:36:41,Rescue Pack,0.99,USD
1d4196aa-2e37-4893-9df4-f4f96eb34f80,33e1ff85,2025-11-06T23:34:17,Rescue Pack,0.99,USD
7b779184-52ed-45d1-870c-8cdd39ff5675,3e104cc0,2025-12-01T01:43:00,Rescue Pack,0.99,USD
cc9c5e79-f315-4201-9be1-5cfa4bd32f13,28b82f1b,2025-12-06T14:01:34,Rescue Pack,0.99,USD
fd31ccc2-d0af-4e91-bcc7-b9e03bbd1ee8,1d5f8f3d,2025-11-06T04:37:48,Rescue Pack,0.99,USD
4f8466b8-1a01-4f97-bfec-b72fb8ccaea5,8078c3f8,2025-11-14T01:37:29,Rescue Pack,0.99,USD
646d3c90-fcb3-49b7-9356-c88218c2453b,6c86f685,2025-11-15T22:14:46,Rescue Pack,0.99,USD
7274e218-3108-494f-a14c-1d64b6d9f93f,d626702a,2025-10-04T04:20:22,Rescue Pack,0.99,USD
ac469f3a-fa9c-4833-baa1-538025fed1b6,6d86cd03,2025-11-25T19:47:06,Rescue Pack,0.99,USD
2a2574d7-8f29-4ca1-9284-a40377075a60,54727b03,2025-10-26T00:46:21,Rescue Pack,0.99,USD
0a6180dd-b7ce-4818-9496-593ee493f7bb,ac0714d1,2025-11-17T23:23:50,Rescue Pack,0.99,USD
986f435c-0591-44f2-bf23-a5dc409363b8,951554c9,2025-11-12T05:46:57,Rescue Pack,0.99,USD
294a705e-8f87-4194-9972-7eda3789dfe1,08be1a99,2025-10-12T00:43:27,Rescue Pack,0.99,USD
b57b1fab-6356-491b-84a2-c5b84d0043ec,dea0ec6d,2025-12-06T21:38:20,Rescue Pack,0.99,USD
37163e0b-e4c0-47ef-bad3-8b6c40395d16,efd0f2a6,2025-12-15T07:42:13,Rescue Pack,0.99,USD
2cedc42a-0db5-42bb-8b8f-5d9f221f0f37,59c50195,2025-10-11T17:54:07,Rescue Pack,0.99,USD
706d86b9-039c-4429-8f79-b054e3851f60,3d2a57ab,2025-10-21T23:27:57,Rescue Pack,0.99,USD
db701518-d78a-44c9-b463-edf1fa98a0ae,6cd41ba7,2025-11-05T04:52:41,Rescue Pack,0.99,USD
d31c8b64-f70a-49a8-8008-900ab795d1b2,0a2eb76c,2025-10-03T17:12:17,Rescue Pack,0.99,USD
ed640a2b-483c-4a45-b124-a001c8ca596b,1ea07fdb,2025-12-15T13:57:28,Rescue Pack,0.99,USD
c07f3140-48ce-41d4-a6b9-27e23e7631d4,d02b4807,2025-10-09T08:21:29,Rescue Pack,0.99,USD
33af1f89-39d7-401e-acfd-7d973169f626,f478de01,2025-12-30T14:25:46,Rescue Pack,0.99,USD
14574f99-e134-43b6-96d2-e1bc1f5409f5,bcc7c70a,2025-12-21T09:46:47,Rescue Pack,0.99,USD
6b3d7cd2-38e9-4fe1-924a-e88e87af1de7,e89bda98,2025-12-10T18:19:26,Rescue Pack,0.99,USD
fcb5d3d3-2ab5-41bc-8475-fdd6278a5007,426be372,2025-12-25T09:33:59,Rescue Pack,0.99,USD
e5c76973-4704-44cb-9c2d-75e61ad0ef19,3be727d6,2025-11-24T13:03:00,Rescue Pack,0.99,USD
42f140f2-53d6-49e9-912b-d601c779fed5,da0c007c,2025-11-29T08:03:37,Rescue Pack,0.99,USD
2b50c183-362a-43f2-a0a3-8969f4fbeb6b,f57eda24,2025-10-19T16:18:05,Rescue Pack,0.99,USD
aa393bc7-b099-440b-833f-2e189621a015,aabbf5d5,2025-11-17T04:57:13,Rescue Pack,0.99,USD
fdea8487-27b1-4320-a124-24cb81286be6,ebc24389,2025-10-31T18:42:09,Rescue Pack,0.99,USD
828fa5a1-6e41-4f48-a5aa-21be3983c303,b5dda7ba,2025-11-03T08:02:49,Rescue Pack,0.99,USD
803af4f5-33a5-4a31-b6c0-54c3c3cc5dfd,d77e4dbf,2025-12-10T15:09:13,Rescue Pack,0.99,USD
81effacd-09a6-403e-a300-199509eb9de7,2a6646a0,2025-10-17T03:59:24,Rescue Pack,0.99,USD
c3ba209c-b591-4715-a2ed-8a1e1c6b95f8,60e938a2,2025-11-15T04:07:43,Rescue Pack,0.99,USD
06de17a6-8a43-49fb-958c-82e788f616da,0564c2b7,2025-11-28T10:53:50,Rescue Pack,0.99,USD
0c7e95b1-421c-4a6f-99ca-90145aec6c68,75a0e61d,2025-10-09T07:01:54,Rescue Pack,0.99,USD
93a102da-226f-4b34-ad22-8a2cafb4f3ff,1c15fc74,2025-11-08T01:13:04,Rescue Pack,0.99,USD
2e75999e-579f-49b1-9447-4f2441e130ad,0f58f6b8,2025-12-16T00:28:02,Rescue Pack,0.99,USD
b7af89c0-3499-4701-87f9-78cd0ce7c6ee,ff10126f,2025-10-06T03:50:06,Rescue Pack,0.99,USD
66b32425-02f9-47e4-b066-295dfd8182fe,ec4f24d8,2025-10-18T16:29:54,Rescue Pack,0.99,USD
9e505fc8-d071-42be-a8e7-e847be49fddf,b90e3496,2025-11-07T06:10:29,Rescue Pack,0.99,USD
4cc52235-ce39-40c3-b8e6-760fbbcb8ef5,920d1363,2025-11-12T13:16:01,Rescue Pack,0.99,USD
ef9bf264-c973-42c4-bf88-7ad4b1005e0f,f09e4e50,2025-10-29T23:43:40,Rescue Pack,0.99,USD
fd055c1e-8346-4c97-bc98-ac0b813cc777,7878af5c,2025-11-08T00:05:40,Rescue Pack,0.99,USD
00c21fbc-092b-4bc5-9323-145a41815881,d81418a1,2025-10-28T10:32:18,Rescue Pack,0.99,USD
bbfc93e3-d383-46c9-92e7-7a5b56f3adea,1ebdcf74,2025-12-01T13:14:27,Rescue Pack,0.99,USD
6bb3719f-f8b8-40bd-a322-68f8a1374b91,cb0a7fdb,2025-11-15T14:11:58,Rescue Pack,0.99,USD
530ff338-4240-4c39-b733-9b9dcc93c19d,45ef81b7,2025-10-12T20:26:07,Rescue Pack,0.99,USD
96bc3d78-5332-401e-ac38-f52c4ea7318b,07569189,2025-10-12T01:04:21,Rescue Pack,0.99,USD
3d689d75-f534-4eac-bc32-40d80907290a,5016dd69,2025-10-02T10:02:09,Rescue Pack,0.99,USD
2dbd9fee-499f-482d-beea-074632af29da,e151a084,2025-10-08T12:16:44,Rescue Pack,0.99,USD
e59d81ca-6659-4f26-a1ba-40d3128df455,00ce4439,2025-12-27T11:51:41,Rescue Pack,0.99,USD
41c912d8-7bb3-4dfa-bea2-41d6b4b00831,c82c8765,2025-11-19T12:51:14,Rescue Pack,0.99,USD
d736100e-5a29-4d82-b604-932ddcd73898,4e2e7426,2025-12-20T16:07:45,Rescue Pack,0.99,USD
0d2b021a-255c-422a-a44f-3d855e2ac61d,1b9b6416,2025-11-30T08:57:22,Rescue Pack,0.99,USD
40319ac2-db93-4dbc-bb2d-b42476ddd150,c78bbfe7,2025-10-24T06:17:28,Rescue Pack,0.99,USD
cdff0a80-e479-45cb-bf7d-3b89e268d8ea,13235524,2025-10-14T04:10:11,Rescue Pack,0.99,USD
0e3f6569-e978-49d6-a81f-8d08b408103c,1e446b07,2025-11-16T05:33:15,Rescue Pack,0.99,USD
dd20faed-384a-4fe8-a920-5667461d3b96,d2f02570,2025-11-15T15:59:11,Rescue Pack,0.99,USD
d8248bfb-7ef9-419b-9c41-176bf5c07e67,69ad8209,2025-10-26T16:28:48,Rescue Pack,0.99,USD
ba22c4eb-3a36-4b62-aca4-29ca4f780124,8923e93a,2025-11-25T21:29:49,Rescue Pack,0.99,USD
7e328e89-800b-4bc2-9f84-4d3fc5f9419b,aaa12e34,2025-11-08T15:52:04,Rescue Pack,0.99,USD
ce496c3e-0251-4bed-95fb-d8c77f4a8bee,ac9e8190,2025-10-09T11:44:09,Rescue Pack,0.99,USD
6379ed27-42d8-4b37-9846-732785f63a3b,b549cc41,2025-12-27T04:54:19,Rescue Pack,0.99,USD
fa2bda9b-bd35-4b9b-b8b8-f4359db07527,ed39a5a3,2025-10-12T13:08:18,Rescue Pack,0.99,USD
76fd74e1-5775-40d5-a7b4-a56d9366ff05,48279a3a,2025-12-07T16:15:15,Rescue Pack,0.99,USD
3188c3d0-f14c-49ab-829f-42917852a7f9,664145ff,2025-11-12T23:04:20,Rescue Pack,0.99,USD
7ac09be7-5951-4059-8f04-4f19ed6faf15,3a7d65a0,2025-11-01T12:09:46,Rescue Pack,0.99,USD
58d28b21-3935-4faa-b59c-6ed536a0ac05,3a7d65a0,2025-11-01T12:09:46,Rescue Pack,0.99,USD
ec619f13-f701-4a56-8ced-2345a6bbbf77,49eb485f,2025-12-30T16:50:16,Rescue Pack,0.99,USD
502d6b96-b55c-4d12-a1d9-f6c3b8984993,16424e9e,2025-12-29T11:00:22,Rescue Pack,0.99,USD
92dd9def-2551-4204-812f-e6bf15c03171,ff95e344,2025-11-07T21:27:04,Rescue Pack,0.99,USD
c28db124-5a10-4221-bb27-f6741e6ae1ba,11583d15,2025-12-12T12:40:23,Rescue Pack,0.99,USD
983ddd2a-8b40-46b8-9660-c8c2fb2a9bc4,34f18e90,2025-12-18T13:34:16,Rescue Pack,0.99,USD
ba8f9fdb-f6eb-42ae-8352-eb2cdf720743,8c889903,2025-11-23T10:50:27,Rescue Pack,0.99,USD
42f6dee8-2616-442e-87f8-89844bb95d6d,10a3327d,2025-12-10T05:07:48,Rescue Pack,0.99,USD
516d6c9f-2350-410d-91f3-34f5f79a5ff5,c42942e0,2025-11-11T10:07:13,Rescue Pack,0.99,USD
07865e0e-8bb7-45a8-9e96-9d9daa20603b,09b82f9a,2025-10-27T07:43:20,Rescue Pack,0.99,USD
ae252600-9d64-46fc-bf3f-197fe01fb162,09b82f9a,2025-10-27T07:43:20,Rescue Pack,0.99,USD
6d63f7b2-1572-4449-80a1-b7639ffc77ec,b89055a4,2025-10-23T16:40:14,Rescue Pack,0.99,USD
4d868f1b-b8e8-4b75-b743-de43a25f5cdc,d91abb35,2025-11-16T12:43:20,Rescue Pack,0.99,USD
306d05df-4c3f-4de7-a924-81d0729c23a9,26164210,2025-11-13T01:10:31,Rescue Pack,0.99,USD
3a8a4a1e-9a19-405b-977b-6305eb7d9f9d,006db843,2025-11-20T13:04:54,Rescue Pack,0.99,USD
56421701-4da3-464f-8e41-61a6bb4071e9,4b30d6a5,2025-12-24T21:59:19,Rescue Pack,0.99,USD
a30eb67a-9c4c-48ce-98ad-762e54b3905b,1ecac2e9,2025-12-24T02:10:49,Rescue Pack,0.99,USD
514286ee-109c-49a4-b027-9839e0a7b8ed,21f95e4a,2025-12-02T04:50:09,Rescue Pack,0.99,USD
00336fea-5a56-417c-8c0a-5be587378983,552a9ea3,2025-12-09T23:29:35,Rescue Pack,0.99,USD
318adb29-17b2-4354-ace1-e314fc6aab9d,e867beb4,2025-10-14T08:29:38,Rescue Pack,0.99,USD
74de4ffb-1984-4a55-80de-971001ab87f1,97c24242,2025-10-20T17:47:57,Rescue Pack,0.99,USD
bae21e2b-1b96-4ff9-bb67-873e498f4766,fb738ab7,2025-12-14T16:27:49,Rescue Pack,0.99,USD
1439ac9e-ba8b-4083-a7c1-c7d84972fb9d,6d7cabbb,2025-10-29T04:57:39,Rescue Pack,0.99,USD
94ffd7d1-741e-4c02-9605-86e192e996ba,6d7cabbb,2025-10-29T04:57:39,Rescue Pack,0.99,USD
55ab1706-7d4b-48c3-ad48-6ce6ae3536e9,53a95d7e,2025-12-18T23:08:32,Rescue Pack,0.99,USD
ce30d7f3-9287-42cd-95b3-94c35487c36a,598469d9,2025-11-28T09:50:26,Rescue Pack,0.99,USD
85a1fc25-2383-45f2-ba0c-a55b137a80d8,30a85452,2025-11-18T19:46:57,Rescue Pack,0.99,USD
81ae41f2-6341-46a8-88e3-cf00aa922a67,dbba11f6,2025-11-16T09:27:54,Rescue Pack,0.99,USD
a10bd736-4021-42d7-85ff-adaeef84a5f4,fd92a8e7,2025-12-27T16:00:59,Rescue Pack,0.99,USD
e25c99f0-f1b3-4a09-a5dc-b7c9282901df,a1307db4,2025-12-18T21:39:27,Rescue Pack,0.99,USD
50e78378-568f-4dcd-a91c-672b8b2622a0,80b8d5f3,2025-10-16T18:30:05,Rescue Pack,0.99,USD
75f3d5e9-cd66-4631-87bb-63c93ff6fd07,2a6ebe54,2025-11-18T17:23:30,Rescue Pack,0.99,USD
27f70a8f-2b17-4fb0-89df-bf5acf9b060d,939a43d1,2025-10-06T15:47:01,Rescue Pack,0.99,USD
5b682b7f-a3ab-4d68-942d-9a92e210ce08,92e190c4,2025-12-19T16:24:09,Rescue Pack,0.99,USD
f9cbf41e-456a-4c95-99ed-c54809e37513,4c5f623f,2025-12-01T00:13:26,Rescue Pack,0.99,USD
894a9731-577d-4b62-be48-fa0aab86d112,451f234c,2025-10-12T19:53:17,Rescue Pack,0.99,USD
e9a4012e-b722-4c74-ae54-14457c15e6f1,83965f89,2025-11-02T05:06:30,Rescue Pack,0.99,USD
0573f7b4-050b-4bbd-8846-8b44fd1d74cb,1d000a5d,2025-12-13T07:20:05,Rescue Pack,0.99,USD
4f00bba1-4423-48d1-ad5b-c2acf100f4fc,caa90a31,2025-10-10T16:10:31,Rescue Pack,0.99,USD
4c0f1378-0ee8-4c2e-8ac3-a91f400edca2,d3c9b04b,2025-11-07T17:08:24,Rescue Pack,0.99,USD
2ed76358-e55b-436a-a8c6-b7f261719922,7725a00f,2025-12-07T00:35:30,Rescue Pack,0.99,USD
d2a0dbab-c8a4-40d2-b8ef-bcaa2974d8fd,055645b5,2025-11-22T09:26:23,Rescue Pack,0.99,USD
9e8ca29a-eb0c-4945-8fe2-4d9099e87753,8aa8f8d8,2025-11-18T17:25:49,Rescue Pack,0.99,USD
3c9d00cf-05ce-44ea-9549-66422a883cb3,29cee717,2025-12-13T06:50:37,Rescue Pack,0.99,USD
e35eb7a4-05a8-4db2-9510-05a97ab14d20,21a4f26e,2025-10-12T07:25:55,Rescue Pack,0.99,USD
6e3053e5-8f40-459a-b26d-0e849b2a8231,c9745166,2025-11-05T08:12:38,Rescue Pack,0.99,USD
e2f07f0f-37ad-4a99-95d0-b076982b6639,065e5bd4,2025-10-14T01:45:05,Rescue Pack,0.99,USD
e1f60023-d610-4f73-861d-ce97b4177225,07a06533,2025-10-14T23:36:21,Rescue Pack,0.99,USD
d9e611ca-b3dd-4f7d-b5dd-5e212c6e0059,07a06533,2025-10-14T23:36:21,Rescue Pack,0.99,USD
0da223ba-6707-42bf-b319-fcdc48b2493b,e8ae277d,2025-10-07T06:12:13,Rescue Pack,0.99,USD
dfe491d9-c705-413e-b9d6-2e63cf1e8a56,f1ca1873,2025-10-22T15:21:29,Rescue Pack,0.99,USD
74797875-8b5d-4d6d-a849-5ad44d348238,37f2b028,2025-12-01T22:41:43,Rescue Pack,0.99,USD
52877266-a9c7-4fb9-bbc0-a59863a2b6c9,620928ea,2025-10-24T11:13:46,Rescue Pack,0.99,USD
0d2186af-ea91-47b9-8d24-4cd6f2a035b7,01bbf8be,2025-11-27T20:49:33,Rescue Pack,0.99,USD
1db4056e-f85f-4511-b897-124893e9ea16,376a2a1a,2025-12-13T19:54:15,Rescue Pack,0.99,USD
b44b532f-30d3-4a37-aaa7-a76387d2d820,68f67d9e,2025-11-17T03:53:12,Rescue Pack,0.99,USD
87bb266a-3bb6-40c3-bec3-8adc67495652,d7b64a68,2025-11-22T09:53:39,Rescue Pack,0.99,USD
8d42b718-1753-48ba-a150-e1d8788420e8,94f955e2,2025-11-11T23:24:14,Rescue Pack,0.99,USD
c24ba6c4-22e2-4c31-a0ca-6ec73ab510a4,94f955e2,2025-11-11T23:24:14,Rescue Pack,0.99,USD
d11e474f-d150-4e2a-af04-696193603975,e5337528,2025-11-12T15:49:11,Rescue Pack,0.99,USD
3dfdf1e0-82db-473a-8ac0-8d99030582ab,f436c746,2025-10-15T00:12:10,Rescue Pack,0.99,USD
7245e80e-d07a-40e5-b271-b4f85c8a9e7b,225c5f3b,2025-11-30T03:42:25,Rescue Pack,0.99,USD
bf2a8dcd-4a52-4cad-83d0-3b35eb09cc04,adf552d6,2025-12-16T08:25:54,Rescue Pack,0.99,USD
ab5404ec-44f0-4ab0-8f79-34c63d61d80d,631b9258,2025-11-16T09:15:04,Rescue Pack,0.99,USD
2ea80979-3652-4871-83b1-0cc6bad567ea,0b58e195,2025-10-27T11:28:12,Rescue Pack,0.99,USD
b43cfb72-6ed7-4111-b82f-f7477b762703,4486ea28,2025-10-29T17:58:45,Rescue Pack,0.99,USD
50ed6ea0-e9f0-47ba-a70a-cd3da10d526e,b7e89ed6,2025-11-25T08:50:18,Rescue Pack,0.99,USD
e2ac5e76-30e4-41e8-97cb-c2e02b981348,f19307cc,2025-12-07T03:50:16,Rescue Pack,0.99,USD
8f6d6b05-5868-4cb9-a68b-eb0772aba192,5e4cacbc,2025-12-01T17:42:43,Rescue Pack,0.99,USD
83f95718-52be-46b5-b937-3afd72c812a6,7db2515d,2025-10-19T00:20:12,Rescue Pack,0.99,USD
fd382e9b-ffc7-4c00-9e5e-aa7a1eb6bba8,7628aff4,2025-11-06T10:00:13,Rescue Pack,0.99,USD
2076ab5b-958c-489f-a7f6-2567311684e7,c30516dd,2025-10-17T04:14:58,Rescue Pack,0.99,USD
b21ef48d-aff2-46bd-86be-a5d869f7f5dc,b1501027,2025-11-09T01:36:22,Rescue Pack,0.99,USD
fd25884c-d407-440c-9016-5dc066290240,25c686d2,2025-12-12T13:32:51,Rescue Pack,0.99,USD
46f01703-5e6d-4f0f-9eee-ea13d2522500,4c842730,2025-12-20T23:06:58,Rescue Pack,0.99,USD
0b87a6b0-75f7-4cc7-9259-0106e5482e5e,89b4201c,2025-10-29T12:11:24,Rescue Pack,0.99,USD
2f429f8a-5e71-48f4-9f2b-534a2483c514,94011a71,2025-12-17T05:43:29,Rescue Pack,0.99,USD
c283e35c-fe3c-4e07-92b9-5a5d530cf8be,2f3abb46,2025-11-12T20:30:38,Rescue Pack,0.99,USD
96061ebf-610c-4172-b707-bb8b254e166e,c2c2d72c,2025-12-07T10:07:35,Rescue Pack,0.99,USD
0c712773-a87d-43a1-a530-7d8365faff8f,59379c0a,2025-12-03T04:04:31,Rescue Pack,0.99,USD
b3ed33dd-54ed-4870-8f31-a10e3eb95b8d,b33a695a,2025-10-19T13:51:39,Rescue Pack,0.99,USD
3996af87-4d33-4593-9bb7-3dba3572d222,0cbf7584,2025-11-14T02:34:01,Rescue Pack,0.99,USD
64bb1c7b-9348-4e66-9319-8ce27bd28b34,7f234fee,2025-12-16T01:58:59,Rescue Pack,0.99,USD
0cd72a6c-004d-4b7c-9ffe-6cb74c704fe4,f36062ad,2025-11-15T23:21:20,Rescue Pack,0.99,USD
c640d4bc-edaa-429d-bfbe-4cc7435ca3d4,8c0a60b7,2025-11-23T10:33:40,Rescue Pack,0.99,USD
66597016-aec6-42e6-9a38-9fb3c4424381,57d4206d,2025-12-07T19:03:31,Rescue Pack,0.99,USD
8e45083d-1862-4cc7-82d4-d60c329bcd3d,ffae757f,2025-10-29T22:58:05,Rescue Pack,0.99,USD
ca9ec861-45c7-43bc-8696-47a31e5c7f7d,98a10974,2025-11-11T12:24:59,Rescue Pack,0.99,USD
f9e76e55-0f92-4c3b-a0ee-4bea3da991c4,7775ba31,2025-12-29T22:59:34,Rescue Pack,0.99,USD
b0cf5467-aeb9-4f9b-aa3f-a1503d5fdf26,7775ba31,2025-12-29T22:59:34,Rescue Pack,0.99,USD
92d3e2f8-9c23-4be3-91c2-dc8d699e98e2,6f589b61,2025-11-24T14:54:47,Rescue Pack,0.99,USD
04ae5eef-8ead-4d19-91bc-092da2a66397,77c3401b,2025-10-11T18:54:28,Rescue Pack,0.99,USD
d2d8a73a-29c8-4d07-9b41-2f82551837d6,7879688d,2025-10-15T14:39:29,Rescue Pack,0.99,USD
af23e3d6-1e6d-49b1-9186-a60beae7fac1,7bd6d888,2025-10-07T08:07:59,Rescue Pack,0.99,USD
fcb40127-6f77-42f0-a43a-720a304b766b,959909c4,2025-10-12T16:30:38,Rescue Pack,0.99,USD
8aff6c98-1feb-4e5e-bc08-3b5ca1314f4d,6d872cd6,2025-12-22T06:25:05,Rescue Pack,0.99,USD
d1a46658-ab38-4565-8c85-5ebc5fbceece,6ec25ebe,2025-12-12T03:11:19,Rescue Pack,0.99,USD
1557b59a-1b19-4ea6-ad0b-5f8464fdf214,8b6b424c,2025-10-04T08:23:17,Rescue Pack,0.99,USD
9f58718f-035b-41a5-82c2-d858afa459ca,8b6b424c,2025-10-04T08:23:17,Rescue Pack,0.99,USD
c5a16a29-c64b-41ad-993c-173ed05a4ea4,c0119270,2025-11-11T14:39:14,Rescue Pack,0.99,USD
d197a474-22e6-498d-a1a4-88a1c99ce3a2,5fa3baaa,2025-12-23T05:49:54,Rescue Pack,0.99,USD
ac6001ff-d81c-465b-b64c-dee40c22dd6e,cc216922,2025-12-19T22:01:10,Rescue Pack,0.99,USD
d2047ce5-12e2-4cd8-ad3a-c0cad40868a5,0ee99b90,2025-10-02T20:47:07,Rescue Pack,0.99,USD
0206e388-e800-45b0-b049-cb69b6099e06,68d1a168,2025-12-01T17:44:51,Rescue Pack,0.99,USD
eab21b10-4a7f-42fb-b285-57688686686b,843238fa,2025-12-10T13:19:38,Rescue Pack,0.99,USD
dffad4ed-2b92-4d80-98fa-6cbe552f958e,eb353201,2025-12-11T17:22:39,Rescue Pack,0.99,USD
e3eb23ad-a206-4c9e-9cb9-c8a5e1eb03a7,8bdab8b0,2025-12-03T10:17:39,Rescue Pack,0.99,USD
ea8077b0-7789-4040-baad-9e3c7b5fd55f,3b6587c0,2025-11-04T09:11:55,Rescue Pack,0.99,USD
00142f9a-ee70-439e-8713-304fcbaf0ca1,a80655e1,2025-12-11T17:31:24,Rescue Pack,0.99,USD
f476f8bc-b6ea-48e2-90e1-4fea8f52d725,0bfdcbb0,2025-11-24T11:38:39,Rescue Pack,0.99,USD
b3313326-1b4a-43ef-b9b1-2772eb79ee12,13fe42a8,2025-10-14T15:38:04,Rescue Pack,0.99,USD
f6685cf3-519b-4ded-a6fa-b9d3787aad2a,d20d5ce7,2025-10-19T00:38:13,Rescue Pack,0.99,USD
a6cd7280-39b9-49dc-b3ad-addde20dcc16,c965b4ec,2025-12-20T15:29:09,Rescue Pack,0.99,USD
602fb436-dd9b-453d-ad72-2f1d019d613f,42e9a2a4,2025-12-10T10:15:05,Rescue Pack,0.99,USD
286f376b-0f1c-40f1-a709-7a143b2c095e,9e0a859b,2025-10-13T14:36:28,Rescue Pack,0.99,USD
e1f6655d-a3d5-48be-8089-55820c419594,89874477,2025-12-16T07:47:11,Rescue Pack,0.99,USD
0233b492-0b17-4129-9849-837ed584b62a,4f06af43,2025-12-08T13:56:25,Rescue Pack,0.99,USD
b8cff07c-d05e-428a-8e38-3b8d7845f62d,2c1febac,2025-10-07T12:30:44,Rescue Pack,0.99,USD
18c46d3c-5910-40b7-bc2f-ffc22445ef85,7637a3d2,2025-10-21T07:03:44,Rescue Pack,0.99,USD
5b5e5cbc-e8c8-438b-a9f6-c14283c20ae1,7637a3d2,2025-10-21T07:03:44,Rescue Pack,0.99,USD
b4539d12-1b33-4551-925f-31e57b412f4b,218f2d9b,2025-11-03T00:02:40,Rescue Pack,0.99,USD
56949e15-ddb4-4ee9-a19b-5f4b9752f1ce,218f2d9b,2025-11-03T00:02:40,Rescue Pack,0.99,USD
4079a2e7-865f-4764-b9fc-d110726b04b8,4fd5f6be,2025-12-30T23:35:29,Rescue Pack,0.99,USD
9fcd693a-ba15-49c7-9780-2ae37a1e1c27,e2a02777,2025-12-10T07:01:53,Rescue Pack,0.99,USD
6179f727-905b-4488-b99a-f76ee90b491d,7c44f5e3,2025-10-10T02:04:13,Rescue Pack,0.99,USD
c99227a9-37f2-41dd-9cf9-7a9534b386e9,a1d2c9f2,2025-10-10T07:07:26,Rescue Pack,0.99,USD
967bdc23-018d-450b-bb51-dc8fffb47d04,c58e0b8a,2025-11-09T10:58:53,Rescue Pack,0.99,USD
0db71088-6bb9-4d46-a057-1fba4b7c6fc2,2cee5080,2025-10-07T12:44:09,Rescue Pack,0.99,USD
4aae2b01-53d4-44b9-9311-19c26019ff89,c0694bfb,2025-11-06T07:26:58,Rescue Pack,0.99,USD
e3014c3c-3ef7-4769-ac1b-40a6f90fdcbb,bdbe2d27,2025-11-20T19:14:12,Rescue Pack,0.99,USD
13487f15-9ff5-4b14-9cae-fef95d2ffb4e,bb9ef85c,2025-12-10T19:23:58,Rescue Pack,0.99,USD
d7a50e57-a145-4a68-a3af-b7bc4b9011b8,3d06158c,2025-10-19T06:20:49,Rescue Pack,0.99,USD
e48d7e0d-fd4a-4c21-8ee5-bbb969a9d513,3d06158c,2025-10-19T06:20:49,Rescue Pack,0.99,USD
891696e7-7abe-4c98-a95f-18050394f3f9,d7f658ff,2025-10-10T21:24:12,Rescue Pack,0.99,USD
6ad1c43b-5221-4c8a-b79c-d57f236e1d2b,6dfe8940,2025-11-14T07:26:34,Rescue Pack,0.99,USD
dcf49128-0afc-4e71-b3ad-59245028a05a,31a70fca,2025-10-10T15:17:38,Rescue Pack,0.99,USD
44467e62-f9f1-4d24-94f2-0833b7267146,0eecd772,2025-12-05T05:50:00,Rescue Pack,0.99,USD
90d16133-54f2-488a-b813-67842be639c9,3ee17337,2025-10-28T21:20:26,Rescue Pack,0.99,USD
865e135a-8413-42d5-bbe6-33a67c7090cd,05fdce84,2025-11-18T09:13:25,Rescue Pack,0.99,USD
d6ebbd11-eca5-480b-9717-c3f4a1736954,499a1c08,2025-12-21T22:23:19,Rescue Pack,0.99,USD
1958afcc-1e95-4ce5-82f2-51a14fc063b3,b1bcc4be,2025-12-12T23:40:39,Rescue Pack,0.99,USD
0a678b15-a92b-4ea4-ac72-31ebbe0721e6,9a6ae3f7,2025-11-19T17:09:46,Rescue Pack,0.99,USD
c47c9667-d217-48b0-addb-c251227ff300,8273d4be,2025-11-22T17:27:18,Rescue Pack,0.99,USD
ef15dc4c-6620-43eb-9be3-b54beec728f3,8e98bb9d,2025-12-06T15:51:04,Rescue Pack,0.99,USD
a6d258eb-de08-4146-a9a0-83cce2b6ce4d,8e98bb9d,2025-12-06T15:51:04,Rescue Pack,0.99,USD
dfa947b2-b178-4dae-aefa-db875f5eb30c,8e98bb9d,2025-12-06T15:51:04,Rescue Pack,0.99,USD
47ff8029-bd89-49fa-af44-5f49d0a92b77,3c08d5a9,2025-10-04T16:15:06,Rescue Pack,0.99,USD
9b970963-5eac-473b-afda-9ef901aa7c17,7b1f50e6,2025-12-10T13:28:36,Rescue Pack,0.99,USD
f8036358-b1f9-4c24-8b3d-558da3168f43,bede6c15,2025-11-07T19:05:24,Rescue Pack,0.99,USD
83233a1c-47f8-4317-b568-ebfd1ae1b2dc,c9878139,2025-12-07T21:27:10,Rescue Pack,0.99,USD
e6d48af1-5be2-4e26-b287-a8358f606b47,7550dd9c,2025-10-31T10:11:32,Rescue Pack,0.99,USD
5de3daad-174b-4872-8e63-f733c91a3ff6,661b3c80,2025-12-05T11:55:09,Rescue Pack,0.99,USD
4da388f2-d407-472a-b4cc-ea0a6bae50cd,8c99789e,2025-10-21T16:59:59,Rescue Pack,0.99,USD
f37edf9e-13bb-403c-b42f-a4c97e3ee193,c5fa4ad2,2025-10-30T23:00:54,Rescue Pack,0.99,USD
a0578fd2-b8fc-497d-9f44-2096762a415a,dde13460,2025-11-12T18:55:29,Rescue Pack,0.99,USD
211a34f8-47a3-4c91-9632-f44062c28d40,bc8c20fd,2025-10-22T12:21:04,Rescue Pack,0.99,USD
89938a1f-b2fc-4842-9829-d7ff2df49c72,e47f19e4,2025-12-08T06:46:03,Rescue Pack,0.99,USD
ffca3aa6-6bbf-46d5-ac81-ad6658bffb62,5259f5a6,2025-12-23T04:32:24,Rescue Pack,0.99,USD
b6ed042d-d196-40ef-90b6-5315cb2ec4ae,6e56d534,2025-11-05T19:53:24,Rescue Pack,0.99,USD
2a495ff6-d8b1-4a32-9bc3-adb2f12887ef,4700819e,2025-12-28T20:06:13,Rescue Pack,0.99,USD
23a5813f-6ef6-4f83-b079-f27a45a04dae,8e6c653c,2025-11-20T09:28:17,Rescue Pack,0.99,USD
44ea3c89-1703-4d9f-b878-bd43dedfa4db,a1a3e47b,2025-12-14T04:04:31,Rescue Pack,0.99,USD
6aefd95b-4a62-4cde-9758-d0e9b8f3b36f,e9dd0c26,2025-12-18T03:19:02,Rescue Pack,0.99,USD
076a30f3-041e-4716-8c75-761437991d55,1f810dab,2025-10-18T03:29:17,Rescue Pack,0.99,USD
fdc9b3e0-ced1-4d44-b8e8-c2790f88521d,fdff7cec,2025-12-08T14:16:24,Rescue Pack,0.99,USD
2eb602f8-4bdb-4590-abaf-4916ec837036,75b32f3b,2025-10-29T16:16:21,Rescue Pack,0.99,USD
b272afa4-e9c1-44b5-b857-3a0b9b81e3e1,0ea773d0,2025-10-10T12:53:59,Rescue Pack,0.99,USD
0a514ed4-ae9b-4f56-9e40-522644f46f54,69e87c83,2025-10-24T02:27:47,Rescue Pack,0.99,USD
2acea8fc-d9a5-46fa-851c-015b63ce66ff,14fa9e7d,2025-11-14T23:03:09,Rescue Pack,0.99,USD
a6ee988f-20c2-4e7e-89b7-8dc999f83305,163d73cd,2025-11-10T14:33:14,Rescue Pack,0.99,USD
cd01dd74-4e95-4dba-bef6-ba78f0a9e7de,2e915849,2025-11-12T15:39:29,Rescue Pack,0.99,USD
a27eb5b2-6299-4700-8617-c28dcb44ba81,d8b355c4,2025-11-08T13:01:16,Rescue Pack,0.99,USD
89f183de-e1ad-4f3b-9723-19f69ccf7c79,d6b313bf,2025-11-02T23:15:50,Rescue Pack,0.99,USD
457222a5-4f8a-4d51-80d4-8e582fc9e82e,e5d5a17a,2025-10-18T22:45:03,Rescue Pack,0.99,USD
26d1af13-72f4-464a-8f31-2aae4ecc323d,cf2f5bb6,2025-11-05T12:31:47,Rescue Pack,0.99,USD
84d833d4-824d-445e-ada4-87f8e57bff20,74b258b3,2025-11-30T18:47:28,Rescue Pack,0.99,USD
0e45a1dd-f017-4656-a4e5-3e3562ddd76a,bc94895d,2025-12-29T15:22:36,Rescue Pack,0.99,USD
28d10e41-9fe6-450f-81f5-80782e09f596,f0826530,2025-10-29T21:39:36,Rescue Pack,0.99,USD
c41a38fc-b079-478d-b19d-5a3f58cd99e6,df6dd9f4,2025-12-03T01:31:16,Rescue Pack,0.99,USD
4a81e867-d921-4bc8-ae6b-1731cc0bc7aa,890c7d11,2025-11-28T11:54:32,Rescue Pack,0.99,USD
7a6ee618-5da5-4a6d-b33a-649a521d3834,6e1933e8,2025-10-14T20:08:32,Rescue Pack,0.99,USD
988331bc-e91a-4fc0-ae32-5db1fbd2a058,d89bfe89,2025-11-20T04:08:46,Rescue Pack,0.99,USD
9c03e8b7-137e-4a21-8abc-415219b49d78,d89bfe89,2025-11-20T04:08:46,Rescue Pack,0.99,USD
4fc72d0c-a0ef-4250-a1bb-20c2c78cf050,6c73ab21,2025-10-27T08:13:32,Rescue Pack,0.99,USD
2a510a37-81da-43d4-bf4e-73a151f7c72b,682671c3,2025-12-26T20:39:13,Rescue Pack,0.99,USD
6b267060-1f52-4f1f-92d9-3817c9d784de,a86276a6,2025-11-29T00:11:37,Rescue Pack,0.99,USD
e05d3946-ed05-4822-a7f6-8fe1ae57b41d,8feaf3d0,2025-11-10T03:59:44,Rescue Pack,0.99,USD
118dc520-76d4-4128-bc96-f86bb4993921,32884a35,2025-10-11T12:03:21,Rescue Pack,0.99,USD
88653676-348e-4e9b-ac7b-5514fb32788f,b15f40cd,2025-10-31T10:41:13,Rescue Pack,0.99,USD
0dc9c037-7ae6-4366-a8d2-bfa5c0f0a49f,6f2546e2,2025-12-18T21:02:54,Rescue Pack,0.99,USD
0f436f47-2710-4e21-bb50-2bb59aaabc6e,0aadda04,2025-10-24T07:44:17,Rescue Pack,0.99,USD
81e7a083-08c5-4989-bb52-cd41475efe84,688ed319,2025-10-20T01:37:04,Rescue Pack,0.99,USD
6f0a5739-e24e-49ce-b172-79beceeef0aa,dde59885,2025-12-14T07:16:53,Rescue Pack,0.99,USD
db18f17c-b7c9-4a4e-988f-537c2bca1b60,763f2dbd,2025-12-11T18:50:06,Rescue Pack,0.99,USD
70619aaa-3030-4aa5-b032-5bc690c49459,2d089827,2025-11-14T15:05:35,Rescue Pack,0.99,USD
30409a06-7493-4f02-853c-41dba8c391f1,0fc003b3,2025-12-11T20:48:39,Rescue Pack,0.99,USD
59e53fef-a534-4cda-9328-7d7f05e393a2,f9bca1ec,2025-12-28T07:15:06,Rescue Pack,0.99,USD
911a4efb-6e98-4ae4-9dbf-62caa9e49813,4e506c15,2025-10-02T13:12:44,Rescue Pack,0.99,USD
f11e1e73-f0bc-4f9d-8e4e-1d7a78555ec7,78662b98,2025-12-30T08:36:32,Rescue Pack,0.99,USD
a3a888a5-e04d-4af5-bb53-64dcde77af04,864f62ad,2025-11-23T16:11:09,Rescue Pack,0.99,USD
f6dd9d8e-0fa8-4d9b-a627-f4527bb3cfd1,e7e36534,2025-11-22T12:07:51,Rescue Pack,0.99,USD
f3f03b47-7cfe-4f6a-915a-43a989e18400,b0e33b22,2025-11-18T11:53:33,Rescue Pack,0.99,USD
c200d97d-ba2e-4a77-adfd-b57be397d273,ab5bf43d,2025-11-29T10:13:36,Rescue Pack,0.99,USD
917691c9-0905-42e0-b5c4-20640bf7b860,e0162955,2025-11-29T17:35:48,Rescue Pack,0.99,USD
4da76af8-af8e-484b-b4b2-dc620e25a747,7193b3a1,2025-12-10T18:25:03,Rescue Pack,0.99,USD
852eb258-7f5d-49a7-8145-b4a5d721eb69,3d44ab30,2025-11-29T04:03:49,Rescue Pack,0.99,USD
627abc6c-eff0-4b40-b36b-59520169bc50,3d44ab30,2025-11-29T04:03:49,Rescue Pack,0.99,USD
427e8538-6d31-496c-9a26-b368be3f03c9,20f2c91b,2025-12-28T16:15:49,Rescue Pack,0.99,USD
6252d850-8926-47d8-9195-9fe453e228fe,a33c7dac,2025-10-10T20:10:27,Rescue Pack,0.99,USD
605f85b9-2f2d-421d-a0b1-237b8edc8393,ba6af604,2025-10-30T01:16:19,Rescue Pack,0.99,USD
5ec0087e-5a3d-4a9c-a6a7-c0b2c14db704,b07587ed,2025-12-21T15:25:15,Rescue Pack,0.99,USD
695ab2ad-352e-4b9c-bbf1-d33398739dcf,7610ae11,2025-12-24T20:15:50,Rescue Pack,0.99,USD
483c50c2-7667-4152-b33b-0024fe7050d6,7ef7fb4f,2025-10-11T02:50:03,Rescue Pack,0.99,USD
8dc6094c-1f7f-4e72-93d9-727f602fe682,f0cb4c2d,2025-12-08T01:07:25,Rescue Pack,0.99,USD
d14695a0-1d24-444c-b3bc-f14de8bc5f77,94d0a637,2025-12-15T03:34:51,Rescue Pack,0.99,USD
2acef1a5-a1c0-406d-89f2-c4701c1c6956,7e46e005,2025-12-13T16:57:59,Rescue Pack,0.99,USD
badd8738-92a7-43b7-bfd8-71f95a64efaa,ed18e1b6,2025-11-03T20:00:48,Rescue Pack,0.99,USD
5e716aa3-e876-41d9-8beb-109190825123,da12d378,2025-12-01T06:38:25,Rescue Pack,0.99,USD
10bb166b-2851-4350-a4df-07a75bb59c82,da12d378,2025-12-01T06:38:25,Rescue Pack,0.99,USD
8d877f93-389e-4600-ad1d-301caef78efe,d1e280fb,2025-11-17T22:58:01,Rescue Pack,0.99,USD
65f2b9f3-b0d7-45c6-80e6-c4ddce4bb550,3da19f62,2025-12-25T10:19:23,Rescue Pack,0.99,USD
2159f25f-ec39-4f7e-8e35-82a7a45eeef7,203929ff,2025-11-13T02:13:42,Rescue Pack,0.99,USD
ddef4485-fc01-4d63-8989-64551dc90b68,d442c941,2025-11-03T11:56:37,Rescue Pack,0.99,USD
62cf447c-8c3c-4b51-93a1-e011cfc3a9be,470434f5,2025-11-07T07:07:18,Rescue Pack,0.99,USD
142783ac-7b67-4bdd-bf53-f4cb9e81b10b,87b1bc20,2025-12-01T18:21:28,Rescue Pack,0.99,USD
000ebe54-bc82-4874-be90-245c03339ef4,3fbbb3e7,2025-11-05T11:53:13,Rescue Pack,0.99,USD
5cc3273a-dc81-44d1-a118-073becda53c7,09b754b3,2025-10-21T12:46:18,Rescue Pack,0.99,USD
b7ea9137-72f9-4a30-b14a-1fbd3af8318a,ef811eb2,2025-11-27T08:22:59,Rescue Pack,0.99,USD
03681367-74aa-4abb-86ff-db50d9828da5,d4b666cf,2025-10-03T00:38:43,Rescue Pack,0.99,USD
6b268acb-1143-45bd-b808-664dc69cb325,dd6c0bfa,2025-12-17T16:04:38,Rescue Pack,0.99,USD
07228bb5-efa3-48a0-a757-f874c8a35e0a,45f94500,2025-12-08T02:21:53,Rescue Pack,0.99,USD
c23f6030-10b0-41bc-90b7-ebad4eb93433,d9a71eda,2025-12-14T15:17:38,Rescue Pack,0.99,USD
d6714454-e569-4fd7-9464-879e155d4173,2fb7b303,2025-11-05T04:21:57,Rescue Pack,0.99,USD
2acb950f-e8cc-40db-b4c4-f93213c09846,99702c16,2025-12-17T01:15:48,Rescue Pack,0.99,USD
37824811-cfdc-4617-b41f-e787ff185cc4,93364b21,2025-10-03T03:34:15,Rescue Pack,0.99,USD
c781eb9b-88ad-4824-b345-ab3c158ffd2c,3bdb4f2e,2025-11-13T10:40:22,Rescue Pack,0.99,USD
7aa31bc5-65d1-4613-bc51-8511c24f4020,14ca9b55,2025-10-22T18:44:09,Rescue Pack,0.99,USD
08cdfc71-55a5-42e8-822b-82f236a3132f,c913fd60,2025-11-20T04:45:02,Rescue Pack,0.99,USD
9ef427cf-4922-431b-af30-e268300d7339,1f434d8d,2025-10-11T11:07:00,Rescue Pack,0.99,USD
58ae2000-f8bb-41c2-a523-e02cac98d433,a3c3d9f3,2025-12-05T09:29:19,Rescue Pack,0.99,USD
f2ff6d68-9454-4330-9a2e-c8fe0f425297,4e24fdba,2025-11-18T05:46:31,Rescue Pack,0.99,USD
5db92f6e-8a82-4e0a-b32c-fcf627b9a0aa,f20cdf3b,2025-10-17T12:27:54,Rescue Pack,0.99,USD
028e9712-f6b4-4145-95b1-e60aa6b5b67f,34ad3231,2025-10-10T05:34:23,Rescue Pack,0.99,USD
c34fb9a5-9a7c-4775-872f-9796702f862b,af410620,2025-12-08T06:36:33,Rescue Pack,0.99,USD
932d2684-2fed-424f-90a3-3a8acd21ecf4,76695df3,2025-10-27T17:32:58,Rescue Pack,0.99,USD
703eab4f-0ee2-4c2f-a5c3-f6c816315102,e71c7220,2025-10-24T00:04:52,Rescue Pack,0.99,USD
750d872c-37a8-434e-b2b5-278ba8883095,3ab9a08e,2025-10-14T09:34:28,Rescue Pack,0.99,USD
aff39e8c-0d9f-469e-aabe-3e9ab2bcdbeb,e2c1e931,2025-11-02T18:45:40,Rescue Pack,0.99,USD
32c0bbfb-229b-4757-ac93-21ab9febbef3,62b32e4e,2025-12-16T04:52:18,Rescue Pack,0.99,USD
b410b5ff-0be1-4903-9eff-4b9138484a2b,62b32e4e,2025-12-16T04:52:18,Rescue Pack,0.99,USD
d5134140-11c2-4519-b096-1fe45584f1ba,78fa2a6e,2025-12-29T12:02:02,Rescue Pack,0.99,USD
623f3db1-0f9c-421a-a142-ac11f01a5146,914cea4a,2025-12-10T08:42:52,Rescue Pack,0.99,USD
5758d074-d6a6-4500-9883-e007f3f48a58,54519fa0,2025-11-17T10:24:51,Rescue Pack,0.99,USD
b7771c6b-d781-40b4-a72e-b63117a9c55b,f8c73da4,2025-12-06T19:11:18,Rescue Pack,0.99,USD
9afbef38-e5c6-432f-9d68-0f995d249025,59efcbba,2025-12-09T03:10:31,Rescue Pack,0.99,USD
5e7027ca-7e4c-4d21-a588-a70b11961b41,091661c6,2025-11-16T06:21:28,Rescue Pack,0.99,USD
15b611a6-b2a9-4978-a017-f1c5396d0872,30777b23,2025-12-05T19:08:51,Rescue Pack,0.99,USD
1b693b5c-1aa9-4843-80d3-b94f7da0e4e0,a3208339,2025-12-02T22:43:13,Rescue Pack,0.99,USD
4feae7e2-64ff-456a-aec8-5746e8af98ae,210617ed,2025-12-05T11:48:24,Rescue Pack,0.99,USD
ea90ea12-f0d8-46d3-b983-db51fa22eb8c,b7a81d0b,2025-12-22T15:17:14,Rescue Pack,0.99,USD
f9d65c09-f7d2-4a5c-b652-a2a792a7a549,925b16b7,2025-10-13T19:55:00,Rescue Pack,0.99,USD
8ce8953e-a357-48e4-9dfe-ff8ba47be935,ff667b1d,2025-12-25T23:59:53,Rescue Pack,0.99,USD
42e07ab7-75aa-47cb-b014-112e32ab2385,ff667b1d,2025-12-25T23:59:53,Rescue Pack,0.99,USD
23cf9897-9581-46ac-b27a-2c74b7a7301f,4fe4e6eb,2025-11-17T08:37:46,Rescue Pack,0.99,USD
368f5718-0b93-4884-85c7-f4c2dd6e56e0,5d2d531a,2025-11-25T02:13:14,Rescue Pack,0.99,USD
f34f1d68-6c39-4720-a475-74c529b4f26c,3a9be1a7,2025-12-24T04:52:43,Rescue Pack,0.99,USD
34308bb0-d681-40e4-a664-c14338c8208f,6668eaf6,2025-10-16T07:46:06,Rescue Pack,0.99,USD
75883e50-b791-4ccd-87c1-5d76f66f58bb,b0417f7d,2025-10-09T01:41:01,Rescue Pack,0.99,USD
313a6d3b-b636-4e87-9d5f-9a41cd8a6d56,9e400a42,2025-10-06T11:16:43,Rescue Pack,0.99,USD
1f873bb6-fd45-4621-b111-ef5cb32c7fb9,a37845f4,2025-11-14T03:12:33,Rescue Pack,0.99,USD
0487298e-d81f-4387-8040-aa10937aeb04,ec108b8a,2025-10-07T05:44:53,Rescue Pack,0.99,USD
4c12903c-3ddb-4a76-9d7b-38e866583d97,5336ded0,2025-11-10T06:51:55,Rescue Pack,0.99,USD
3b60e0ac-55ed-4553-8849-dc0a6e5890ed,456e51c2,2025-11-28T18:14:48,Rescue Pack,0.99,USD
f4d0a219-4a3a-49fc-872f-8e7256ab3c58,3d9e9751,2025-10-31T00:12:37,Rescue Pack,0.99,USD
70c11876-9f2b-47d9-ab54-f86c01e1d9f6,63ae974e,2025-10-08T14:33:21,Rescue Pack,0.99,USD
31b5d644-7c3b-45f4-b26c-d0a05402528c,6d486e28,2025-12-08T22:51:15,Rescue Pack,0.99,USD
73049507-f173-4dce-8543-e5b8f424ff96,130b09ed,2025-11-22T01:36:15,Rescue Pack,0.99,USD
ad591593-e791-4f4c-8019-6e1ff1af6ab1,1d6e328f,2025-12-12T07:56:00,Rescue Pack,0.99,USD
f9689bd8-84f2-45d0-8d73-e6dbda98853b,383748da,2025-11-14T02:31:53,Rescue Pack,0.99,USD
2d26d5ef-37b4-4241-bdf3-558387540944,3035bebc,2025-12-03T04:19:18,Rescue Pack,0.99,USD
ff414328-35fb-4843-9592-2ead96d69790,282e2483,2025-10-16T07:03:34,Rescue Pack,0.99,USD
d7c1e8e0-0545-48d2-994f-16ac5f12c67a,8acb6dff,2025-12-10T04:53:23,Rescue Pack,0.99,USD
f73c4fe5-5167-43ea-8da0-54befb3c0766,341429d6,2025-11-23T15:43:19,Rescue Pack,0.99,USD
ae85c963-f741-44b4-a11a-6b951e208d5f,6893e6c9,2025-12-29T00:24:10,Rescue Pack,0.99,USD
ca7710ec-3034-4932-8528-837415f04265,7ba8a03d,2025-10-17T08:43:15,Rescue Pack,0.99,USD
4da8a5a2-de1b-4c5d-b322-7dd8fc4b7f1d,6363ca12,2025-10-22T17:38:25,Rescue Pack,0.99,USD
41c664c5-dee3-4f18-a3d6-aa5fe0c4d66e,4552d35a,2025-12-20T00:39:20,Rescue Pack,0.99,USD
4ec99232-3a34-4953-a0b2-a6c10a43cbb2,18322015,2025-12-06T02:40:43,Rescue Pack,0.99,USD
c58ae8ac-0390-4f40-a0d3-4309f42a52d1,1daab366,2025-12-23T08:21:40,Rescue Pack,0.99,USD
fef18101-245a-4b21-8224-a905bb4ed4b4,4700917c,2025-10-04T00:31:40,Rescue Pack,0.99,USD
c27c6b61-b85f-4bca-b395-29deec55d670,923318ae,2025-12-20T23:15:19,Rescue Pack,0.99,USD
96ee8512-e9a9-45a1-8c99-adf228a48100,554eca9b,2025-12-26T05:00:30,Rescue Pack,0.99,USD
a7f5bccd-b09a-4ca5-a5a0-d6cbb8ee8f61,ea6ac80d,2025-10-25T07:25:08,Rescue Pack,0.99,USD
dd06244c-4a3e-4351-bf36-eaf1d339f2bf,1dfb0f73,2025-10-24T14:49:04,Rescue Pack,0.99,USD
caaee012-98ac-4a0e-a3ef-105892f6b5b5,fc0ab105,2025-12-22T23:57:06,Rescue Pack,0.99,USD
9a3903b7-0661-4ab8-895b-cdba4dd12b5c,a84bfa75,2025-12-28T01:53:05,Rescue Pack,0.99,USD
797b1e38-0106-4020-9ff1-1c00a71b7165,1f24ed9d,2025-10-06T06:32:16,Rescue Pack,0.99,USD
88df52a2-ed30-4b5d-9c05-5c3d83ac94fb,22903a1b,2025-12-27T14:51:11,Rescue Pack,0.99,USD
d241c7d6-9a7a-417e-99e4-57a6fd29d23f,47680b32,2025-11-03T22:42:17,Rescue Pack,0.99,USD
a671d107-a165-4ede-a3a1-fc198e2591b1,daa7031a,2025-11-23T12:18:41,Rescue Pack,0.99,USD
2c58beb6-fdd9-490a-8e9b-ae06d55a66cc,8ccba1d4,2025-12-21T15:19:04,Rescue Pack,0.99,USD
cdeb7103-b6ab-45e0-a910-14a6872952ec,239eb64f,2025-11-20T09:36:56,Rescue Pack,0.99,USD
758313ea-4d05-4b68-b8e1-b8ba8455fae5,f23c1604,2025-12-29T07:49:46,Rescue Pack,0.99,USD
cecddbfd-498c-43db-8b4a-517cc97ccbdf,6fc25dd0,2025-10-05T20:41:09,Rescue Pack,0.99,USD
a24230a8-b7b2-4ad2-a00d-d63e98c15831,bc76ab9e,2025-11-05T16:32:29,Rescue Pack,0.99,USD
cfad31bc-5014-4da0-82dd-35c29864988d,de6ee9db,2025-10-26T15:41:05,Rescue Pack,0.99,USD
37f89eca-f9ac-47bc-856b-53aca0304dab,281b84ca,2025-11-08T16:36:58,Rescue Pack,0.99,USD
c3a0ed10-f581-4370-98f6-c818583eb82d,1babe2cd,2025-11-22T07:22:49,Rescue Pack,0.99,USD
ab403de8-a6bf-420e-a6a5-347d1a17781c,9fe14a46,2025-12-19T23:27:11,Rescue Pack,0.99,USD
667c5685-35b1-4bde-8707-02bbb5040bd8,9d2f9654,2025-12-13T11:31:57,Rescue Pack,0.99,USD
58070c38-9df7-4a79-8282-96b387f7c987,ccea27f0,2025-10-13T10:03:25,Rescue Pack,0.99,USD
5ec746f5-8790-4e99-9b54-96eff5a99415,4e4bafc6,2025-12-03T02:56:59,Rescue Pack,0.99,USD
8ca0f2b2-1888-4b8a-9123-5f73ddcbfbc7,9e2b0b51,2025-11-24T02:22:33,Rescue Pack,0.99,USD
4c5e1f0c-4068-4ac8-9ac6-725f565cd3a7,284d39d6,2025-11-02T20:14:04,Rescue Pack,0.99,USD
3ee69047-8cc5-40ab-8231-841dceffcae4,ffad004d,2025-12-26T12:04:25,Rescue Pack,0.99,USD
afdd2972-beec-4e04-b940-6b9f20e52a6b,0a89c6f1,2025-12-10T15:14:21,Rescue Pack,0.99,USD
fa3bb23b-a4e9-4a7e-8bbb-442f26d7155c,4cfa74d1,2025-11-16T20:11:57,Rescue Pack,0.99,USD
31d7edb4-ef26-44e1-95f3-d58236e6d825,22e803fc,2025-10-20T13:49:36,Rescue Pack,0.99,USD
507cf263-11eb-4c69-b7a2-1b744825b545,d0f15637,2025-10-26T02:46:20,Rescue Pack,0.99,USD
cf6fde6a-5a3e-4805-8e29-f89f7420a0dd,267ac7a7,2025-10-16T02:52:26,Rescue Pack,0.99,USD
641e429c-0b0e-47c1-acd8-2868afe28824,a0b65016,2025-12-07T01:28:59,Rescue Pack,0.99,USD
5a313ade-a45e-4573-854d-ab7ea9c23c1b,7ffee479,2025-10-14T00:46:07,Rescue Pack,0.99,USD
0b2afee6-a8a5-4b03-96fc-4815353cb6c3,2d43b6e7,2025-10-11T12:38:18,Rescue Pack,0.99,USD
d605620c-a2f6-4478-b740-df708da7a26b,10775d8b,2025-10-26T09:49:48,Rescue Pack,0.99,USD
bc422d73-e966-4cd6-a204-a6a1629f35e7,2912b332,2025-12-19T22:46:05,Rescue Pack,0.99,USD
253f5526-4266-4870-92f0-6dec76ef0dc5,2e6f910f,2025-12-07T00:36:35,Rescue Pack,0.99,USD
3ec0cb14-aeec-45d3-8170-f423fb8a1a90,5ea90fd4,2025-11-02T00:41:01,Rescue Pack,0.99,USD
18d6c6a1-8d5d-4fc0-8d1a-efb4bd26c4b9,996dc358,2025-10-20T15:25:24,Rescue Pack,0.99,USD
e3a67097-b788-4303-99ac-9b130a9fec6f,d594a153,2025-11-14T05:01:30,Rescue Pack,0.99,USD
c6b4fc64-3da3-4f0e-8b85-c0233276091b,20ab21df,2025-10-26T06:01:49,Rescue Pack,0.99,USD
b183cfa5-ac75-4a37-a9dd-a722e74c5e7b,d790a973,2025-10-19T07:11:30,Rescue Pack,0.99,USD
75c60477-cf48-4f80-a393-362e6c7397c4,1f2a1590,2025-11-23T02:23:18,Rescue Pack,0.99,USD
fb5dcd75-cd63-461c-af77-3ee541f58b17,5a229502,2025-12-25T21:30:44,Rescue Pack,0.99,USD
3b6771f9-5e1f-4071-a6b6-bfa0020cec1c,fd193cf7,2025-12-19T13:20:13,Rescue Pack,0.99,USD
9f068a24-56a6-4825-9744-d7aa93fe2ef5,a418bbed,2025-11-11T06:40:27,Rescue Pack,0.99,USD
9ec57619-5a80-4a6c-8034-6230596cda37,a5f61ea7,2025-10-17T01:43:17,Rescue Pack,0.99,USD
fa379a16-76c3-406f-9efb-0f0476ec39bf,bec35933,2025-11-14T06:23:47,Rescue Pack,0.99,USD
4d872f9a-4fd4-4ab0-b615-4b85b7d0dcaa,1347c66a,2025-12-08T20:30:29,Rescue Pack,0.99,USD
9510bb3e-43b4-42d6-808d-db77e5426b44,80fec34e,2025-12-12T04:09:39,Rescue Pack,0.99,USD
37278dec-b9ce-4bea-8629-4f8853edb835,ba2828cc,2025-12-14T14:06:55,Rescue Pack,0.99,USD
1a6161d0-154e-4ca9-8239-20841a629f24,58440a55,2025-12-19T11:26:30,Rescue Pack,0.99,USD
72490bf5-c2c1-4a91-8a34-da0ab5471a1a,f7ef90a7,2025-10-21T12:45:52,Rescue Pack,0.99,USD
ee6d9dc5-8be0-4d0d-8e0f-e72e103e7cdf,0a7489e3,2025-11-10T16:23:46,Rescue Pack,0.99,USD
9286f04a-d8fd-42bd-b916-d344f0e8e681,ab214d66,2025-12-25T03:25:25,Rescue Pack,0.99,USD
9a2c87a9-fa0c-4416-9132-07a9e64179fa,af0a8705,2025-11-25T18:40:17,Rescue Pack,0.99,USD
8579637d-ae01-47f9-ae69-615185fb1b0f,b64da05c,2025-12-07T00:07:35,Rescue Pack,0.99,USD
188a9f49-fbf5-4de6-b4e1-a3703119e39a,35fcfa76,2025-12-06T23:12:59,Rescue Pack,0.99,USD
ff738138-5480-48ab-ba9d-79874ec3fd1e,f931a50a,2025-10-28T00:00:05,Rescue Pack,0.99,USD
dd4f81aa-ac49-46a4-b4f4-942b4cdf508d,135e4fed,2025-11-20T18:09:03,Rescue Pack,0.99,USD
c1355c61-d1d8-490f-bd20-0ac215edb0dd,78366f9a,2025-11-29T16:03:24,Rescue Pack,0.99,USD
e3abcbec-1511-4535-a95a-9bdcd35b0e1f,bfbc9ccf,2025-11-22T00:17:00,Rescue Pack,0.99,USD
4daa6dee-055f-487c-9e98-bea21e10ab0c,c7a5d848,2025-10-15T11:48:16,Rescue Pack,0.99,USD
e5f828f9-ffea-45e5-8a2b-a5b6ba554d06,2ccc7d56,2025-12-29T20:27:57,Rescue Pack,0.99,USD
c68b0d6e-4251-44e1-874f-2f921083a46e,b84a818e,2025-10-26T12:54:02,Rescue Pack,0.99,USD
6de100a3-4b34-4b95-a077-2cdce38bb217,2109f5cf,2025-11-25T18:49:09,Rescue Pack,0.99,USD
3857975a-efed-4343-887a-0a21871d2748,63d49040,2025-11-03T14:08:38,Rescue Pack,0.99,USD
2244ecd3-cc9f-40e9-9aba-3a2bbc1943ac,63d49040,2025-11-03T14:08:38,Rescue Pack,0.99,USD
ef2c6370-32fe-4436-9efe-7cace032590b,4c3f6d84,2025-12-20T22:38:07,Rescue Pack,0.99,USD
d6d21f06-b798-4c3e-8c3f-22edc2893cdc,4941dfd0,2025-12-11T10:21:05,Rescue Pack,0.99,USD
6f146930-6565-4d8f-88f9-45dd2ccb184a,586b4039,2025-11-17T13:11:05,Rescue Pack,0.99,USD
a78da8dc-5d6e-44f6-a9a8-3756f34f1307,9ac3fc94,2025-11-03T03:12:01,Rescue Pack,0.99,USD
7cd5e8af-c0e5-4be2-af5c-cd3fa915d55d,5ea0b31d,2025-11-10T13:19:49,Rescue Pack,0.99,USD
eb8ca17f-0471-4e75-8d8f-ea7281cfd5c8,902ef027,2025-12-28T09:02:36,Rescue Pack,0.99,USD
27ea8bf5-a46d-4ba7-becf-ca0370820aeb,f3cf6cae,2025-11-07T16:56:59,Rescue Pack,0.99,USD
4aedbce3-f625-4e05-836b-86f0cd45a1d5,45389750,2025-11-10T19:02:00,Rescue Pack,0.99,USD
6e7b8b1f-878d-4b4e-b2d8-31dc2a33aff0,d0f0abb0,2025-12-03T16:37:32,Rescue Pack,0.99,USD
56045faa-3b7f-47ca-9817-ea8270f1134c,ad5fc67e,2025-10-18T04:31:38,Rescue Pack,0.99,USD
1c9c773a-6576-47a9-a7f9-adf729e8c08c,3aea9f6c,2025-10-05T01:19:20,Rescue Pack,0.99,USD
7ca6f096-88b3-4b5f-9caf-e2322ce60e97,cc7dc8c7,2025-11-03T03:33:11,Rescue Pack,0.99,USD
14e04b6c-188b-4bda-b173-f0ba8ef2a008,694fe478,2025-10-08T12:01:09,Rescue Pack,0.99,USD
37ab2f2a-ebf9-4884-b04d-6247e4c6639e,7e036442,2025-10-25T01:44:03,Rescue Pack,0.99,USD
65c416a9-35e6-4fb9-9675-eddaa01c0bbc,0ec88c6d,2025-11-11T04:29:34,Rescue Pack,0.99,USD
ba9e5dbc-e74e-4a66-86f2-586a8e3f8c06,6261be91,2025-11-25T04:02:29,Rescue Pack,0.99,USD
2ba1be59-20d1-49d0-a081-4daf427efc79,0f2a80cd,2025-11-07T09:55:04,Rescue Pack,0.99,USD
f98c3f80-777d-494d-81d6-dd72c5e3ecc0,8f8d1811,2025-12-16T15:56:06,Rescue Pack,0.99,USD
23af3db9-d2fa-4a89-94b3-f28de86908e2,417c70dd,2025-10-13T14:21:33,Rescue Pack,0.99,USD
e6e7b43e-765a-4b53-a65e-8504588059cc,417c70dd,2025-10-13T14:21:33,Rescue Pack,0.99,USD
0659fa84-ce6e-47e5-8991-d37b69f8e5d4,93712e46,2025-11-18T10:48:23,Rescue Pack,0.99,USD
f9ee7ae0-c7cb-498c-a542-defe83236c17,4773dd78,2025-10-13T15:47:38,Rescue Pack,0.99,USD
8921b53a-eba2-481c-81fb-8de4ddbe28a8,ff107767,2025-11-07T08:38:11,Rescue Pack,0.99,USD
f0bc31b1-5175-406b-adb6-b081146ee48c,e248983f,2025-12-27T22:34:40,Rescue Pack,0.99,USD
a59a3ef6-3b5e-4e6e-972f-d24424588f00,e69f8be3,2025-12-21T21:50:37,Rescue Pack,0.99,USD
c8c6405a-7393-4d4b-a3b3-287c75a9dae8,10fe8703,2025-11-07T06:46:05,Rescue Pack,0.99,USD
16b43ec4-969f-440f-bf58-a49506ba1672,cde12b97,2025-12-27T03:59:04,Rescue Pack,0.99,USD
ba566a71-b68a-4a0d-9c72-8b96c59d35a4,80b2ef88,2025-10-25T04:25:00,Rescue Pack,0.99,USD
5585ba1b-a036-46d8-ac47-c77aaa3bb92d,d06b86c9,2025-12-24T11:23:24,Rescue Pack,0.99,USD
4182c181-6407-4bfc-b577-2b1ac427b9e1,d06b86c9,2025-12-24T11:23:24,Rescue Pack,0.99,USD
5cbbc8a5-f783-4956-8609-75b779f04467,fdf6ef2d,2025-11-04T02:09:52,Rescue Pack,0.99,USD
adc80b8d-f019-4f41-beb2-335dc9ad24dc,a48ac0ce,2025-12-08T05:04:50,Rescue Pack,0.99,USD
84ba186a-ba9e-4222-b593-5aae88b9449a,7c5f353d,2025-10-28T13:17:11,Rescue Pack,0.99,USD
9b19b390-efb2-4cad-bcab-b23656d88ccc,b8ed60e5,2025-11-26T01:03:48,Rescue Pack,0.99,USD
