user_id,install_date,source,campaign_id,cpi
bdd640fb-0667-4ad1-9c80-317fa3b1799d,2025-11-21,Facebook Ads,CMP_105,1.83
8b9d2434-e465-4150-bd9c-66b3ad3c2d6d,2025-11-04,Organic,,0.0
9a1de644-815e-46d1-bb8f-aa1837f8a88b,2025-11-01,TikTok Ads,CMP_101,0.52
72ff5d2a-386e-4be0-ab65-a6a48b8148f6,2025-11-23,TikTok Ads,CMP_100,0.69
371ecd7b-27cd-4130-8722-9389571aa876,2025-11-25,Facebook Ads,CMP_102,1.82
580d7b71-d8f5-4413-9be6-128e18c26797,2025-11-04,Google Ads,CMP_100,1.98
142c3fe8-60e7-4113-ac1b-8ca1f91e1d4c,2025-11-24,Unity Ads,CMP_102,0.86
c5e7ce8a-3a57-4a8e-a948-8d990bbb2599,2025-11-21,Organic,,0.0
a2bc372f-7412-4293-8729-4739614ff3d7,2025-11-02,Facebook Ads,CMP_103,2.8
efc89849-b3aa-4efe-8458-a885ab9099a4,2025-11-09,Google Ads,CMP_102,1.47
7656af72-29d4-4eef-beab-edcbbaa80dd4,2025-11-23,Facebook Ads,CMP_103,1.75
3aa2e4f9-0e51-430d-86a7-ee39c4b032cc,2025-11-09,Organic,,0.0
9132b63e-f162-47e4-a9c3-49e03602f8ac,2025-11-08,Organic,,0.0
a491f0b2-ea1f-4a65-a27a-984d654821d0,2025-11-07,Unity Ads,CMP_105,1.08
95a76d79-bf3c-4c06-8343-08bc89fa6a68,2025-11-15,TikTok Ads,CMP_105,0.88
c17af08a-1745-46d8-be57-0ddf827050a8,2025-11-19,Facebook Ads,CMP_100,2.26
61b1cd22-6280-4c45-9043-5a1098ae4334,2025-11-25,Facebook Ads,CMP_103,2.69
ae270da7-02f0-4b90-b143-262fdc5c0eed,2025-11-20,Unity Ads,CMP_104,1.17
287d06ca-6f4c-469a-8b22-d3081c8eaee9,2025-11-01,Google Ads,CMP_103,1.35
deda4e16-1b3d-4d5c-a9a1-fa6f81f76d1c,2025-11-06,Google Ads,CMP_101,2.46
c754108f-f418-4f3f-8a14-be62295b4715,2025-11-17,TikTok Ads,CMP_101,0.93
e0f3eab0-5cec-4eb5-add9-68311ca35cfb,2025-11-12,Unity Ads,CMP_102,0.81
14296c07-f26b-4776-913e-4de2e0c53cb8,2025-11-26,TikTok Ads,CMP_100,1.16
a8e56e0c-20de-435d-a031-d750c40db9b4,2025-11-24,TikTok Ads,CMP_101,1.04
36386821-f6e0-4cc0-ac52-c49f9b49bd26,2025-11-22,TikTok Ads,CMP_101,0.8
5f987c71-a65e-488e-abf3-ad39fec21bbe,2025-11-18,Google Ads,CMP_104,1.77
969b6662-0562-4059-968c-c69b1064005c,2025-11-15,Google Ads,CMP_104,1.23
114125c6-3a9b-4dd4-8f12-59e0a18ff6b6,2025-11-08,Organic,,0.0
36d8393a-7c44-4fe7-ab42-20a7474a493b,2025-11-08,Organic,,0.0
1825bc54-30be-445f-a835-14f2ceb81f9d,2025-11-17,Facebook Ads,CMP_105,2.31
0dde29a6-baa4-471a-9d24-67ac778eedb3,2025-11-19,Unity Ads,CMP_101,1.37
3fa7f104-1bf9-4e27-9c96-925eccf3a171,2025-11-04,Unity Ads,CMP_105,1.13
dfde4fbf-3ff3-40bf-b66e-cb15474ebc19,2025-11-02,Google Ads,CMP_100,2.24
ffd0f9d5-a6f2-47b8-8cf3-5b5819108be5,2025-11-08,Facebook Ads,CMP_102,2.13
7b3a4e3e-7c52-4a17-a80a-c07a2a935d62,2025-11-15,TikTok Ads,CMP_105,0.57
63f2ae24-fc3d-4348-808d-4127610461e3,2025-11-18,Facebook Ads,CMP_103,1.75
27a0c3d7-7c96-4f79-b7e9-9acaa97065e1,2025-11-16,Facebook Ads,CMP_103,2.07
504867ba-bf7b-439b-8f9a-ea4b8acd4e10,2025-11-09,TikTok Ads,CMP_103,0.96
82010c62-f5f5-4b22-8e8f-a8e0284d82e5,2025-11-05,Organic,,0.0
675dd5af-3c36-4296-9ca0-2eecacdabacc,2025-11-19,Organic,,0.0
a8499b92-6b52-42e3-94fc-dd549e8fc965,2025-11-02,TikTok Ads,CMP_104,0.61
3d1a85dd-506e-4a9a-b758-588dab73295b,2025-11-03,Facebook Ads,CMP_104,2.11
c07a30f2-edd4-453b-90f0-fd0a750cab75,2025-11-08,Unity Ads,CMP_104,1.26
89a2688b-12c1-46e0-9998-5f15ff002d4d,2025-11-17,Google Ads,CMP_103,1.51
3e896c64-e117-4ac3-919c-4ea3e1805081,2025-11-05,Organic,,0.0
fbddcf7c-9c96-49ec-8d71-c366b41b3143,2025-11-01,Facebook Ads,CMP_101,2.26
f05db76e-1a84-451a-a9d3-d7c7ee87905e,2025-11-12,Facebook Ads,CMP_104,2.16
45b89cd9-27cb-4f2a-8da0-1097be0f051b,2025-11-23,TikTok Ads,CMP_105,0.71
439472e6-da58-4e8a-a25d-6b29afffcfd2,2025-11-04,Organic,,0.0
d450281c-6c6f-4633-a260-772317a0df49,2025-11-24,TikTok Ads,CMP_102,0.65
8d3aed99-711c-41c9-bdc1-4f1f295d6fbf,2025-11-07,Organic,,0.0
5e84f058-d5a8-44eb-8939-23de8babce3b,2025-11-03,Google Ads,CMP_105,2.2
eededb07-e623-4689-9d59-cd2a4eea04e7,2025-11-09,Unity Ads,CMP_100,1.19
c7b5b2bc-5a8a-4eca-9a50-aec3aabc25fa,2025-11-03,TikTok Ads,CMP_103,0.89
dd56cc94-3c9a-414c-ae0c-aeb5ecfedb99,2025-11-05,Organic,,0.0
c84a7b28-550a-4b46-acab-3301bc8f7d29,2025-11-12,Google Ads,CMP_103,2.21
df465290-61ee-411a-9bac-27a7b386f7a4,2025-11-20,Facebook Ads,CMP_100,2.82
cb9bc326-d20e-4c17-8e20-fd1a598336e3,2025-11-06,Facebook Ads,CMP_105,1.9
dd463c09-4752-47aa-9408-f9ac6601ddd0,2025-11-04,Facebook Ads,CMP_103,1.8
d7fa2d8d-fb2c-4025-adf4-e62d6651529e,2025-11-12,Facebook Ads,CMP_102,2.1
fbc9f87a-f668-4617-94a1-875d2db69edb,2025-11-03,Unity Ads,CMP_104,1.28
82ec9f2d-fbf6-416f-9b30-80d56fb78271,2025-11-11,Google Ads,CMP_102,1.43
ecf27e76-8519-4ff4-806e-d6e36fa17735,2025-11-02,Google Ads,CMP_104,1.77
5487fd4f-ebb7-4385-aa0b-7b14f2e9702d,2025-11-04,Unity Ads,CMP_104,0.8
5380b904-688c-4015-aab9-7e494f2d4796,2025-11-22,Google Ads,CMP_105,2.01
610faa3f-f0bb-4c67-aa38-d0a16ba25efe,2025-11-04,Google Ads,CMP_102,1.72
001a9a8b-d56f-4350-8c45-9ce267f48ad5,2025-11-18,Unity Ads,CMP_101,1.27
77097749-527e-4cfa-a79a-c9aa9b4e2c24,2025-11-20,Organic,,0.0
bc67f831-cbc8-4759-b5b7-8cc7e6b3c944,2025-11-10,TikTok Ads,CMP_102,0.92
c04a96c4-f3b6-4fe1-9184-332417e8392a,2025-11-15,TikTok Ads,CMP_105,0.83
3eae0032-0bd4-4990-8640-be0f25b8fd4b,2025-11-06,TikTok Ads,CMP_101,0.73
624c69b6-b244-45a7-b7e5-848131c681ec,2025-11-22,Facebook Ads,CMP_101,1.54
dc45d539-c03f-4538-a485-5aa1016b6287,2025-11-16,TikTok Ads,CMP_105,0.64
8498e113-b227-462c-b53d-4330cdda24ba,2025-11-13,Organic,,0.0
aae65fc1-76f2-4bfe-8d29-a36f222282e1,2025-11-25,TikTok Ads,CMP_104,0.83
e45b712e-b822-4688-90a4-44329cd6c852,2025-11-08,Unity Ads,CMP_104,1.27
3f4b1a70-c074-418e-825a-609f7337c599,2025-11-20,TikTok Ads,CMP_104,0.8
464c04af-3d3f-4799-a072-95e97c0e8cd8,2025-11-15,Facebook Ads,CMP_102,2.76
14a0bccb-8a47-4a87-a49d-681d51d87c64,2025-11-25,Google Ads,CMP_105,1.77
6a34c854-1071-4d51-b6c5-9dacb4d7e28e,2025-11-10,TikTok Ads,CMP_101,0.56
e7a37e81-63b4-408b-ab8e-869fd5385b0e,2025-11-08,Organic,,0.0
f1578470-0182-47c4-ba1b-58066160a6b4,2025-11-14,Unity Ads,CMP_103,0.84
8bcf53a1-bc10-4a52-bf5d-2fdf89c8d2ab,2025-11-13,TikTok Ads,CMP_100,0.77
638c254c-076e-4bba-bc53-08bf6f92f25e,2025-11-12,Unity Ads,CMP_105,1.18
9f4c3b79-fb10-487f-a0ac-3703eb67146a,2025-11-18,Google Ads,CMP_100,1.77
22bd3388-6db9-4102-a48b-3dbe157d94a1,2025-11-13,Unity Ads,CMP_104,1.44
53ac2ab9-7467-4cd9-b62f-5e5c53cd6268,2025-11-18,Organic,,0.0
78660765-14f7-4e8d-95bc-b8d04094dded,2025-11-03,Facebook Ads,CMP_103,1.58
0a4e5b70-a6d9-44a3-b510-ab53c7fee39f,2025-11-11,Unity Ads,CMP_103,0.99
20500494-3d11-4802-a702-878b9f0fda8d,2025-11-09,TikTok Ads,CMP_102,0.54
5e6fea07-c453-4f1d-8199-2fdfb31022f0,2025-11-08,Facebook Ads,CMP_100,1.8
edcb8cb6-0692-4c63-9424-aed51bac5c15,2025-11-20,Organic,,0.0
d4a057a7-b0cc-4b3b-9793-b9b413748146,2025-11-19,Google Ads,CMP_104,1.42
c85aca46-90e0-44a0-bbdd-3933cbd58bf6,2025-11-24,Organic,,0.0
033d2bce-575a-4d2c-a5c5-650c8186a576,2025-11-19,Unity Ads,CMP_105,1.08
75b17a55-d426-4982-a43e-4288a2b5b498,2025-11-07,Google Ads,CMP_104,2.31
9dac6e83-4524-4ea6-a684-6099f7294951,2025-11-26,Unity Ads,CMP_100,1.26
3ed8c56c-da09-4fa0-9282-8d8044b591f7,2025-11-17,Unity Ads,CMP_102,0.87
9c3eb2d5-91e1-4a96-b6f7-2255c01f36bf,2025-11-21,TikTok Ads,CMP_102,1.18
5ad5cf06-364d-4c87-bcd0-129d2e8d0e87,2025-11-20,TikTok Ads,CMP_101,0.69
f2b43abf-8441-4efd-8299-436a8e485223,2025-11-03,Unity Ads,CMP_105,1.2
b0cbc61f-3d85-4e89-8217-14298e200724,2025-11-13,Google Ads,CMP_101,1.44
6786d506-38ba-4abc-8b53-05e517d2582e,2025-11-12,TikTok Ads,CMP_102,0.99
58007c02-87ea-4ff5-8db0-674679279973,2025-11-18,Unity Ads,CMP_101,1.14
3b048a8b-405b-4dc9-8e7e-d827455ac762,2025-11-23,Organic,,0.0
b0ae8f08-c31e-4bbc-b36c-b62b892e6161,2025-11-03,Facebook Ads,CMP_104,1.96
c29cfc0c-fa02-4aec-96ef-2ad6b97e6703,2025-11-12,TikTok Ads,CMP_105,0.73
2defe193-5c62-43a2-ba3c-563e4bd6cee6,2025-11-15,Organic,,0.0
b289f224-4ac9-478d-8da8-eee40df56ac6,2025-11-24,TikTok Ads,CMP_105,1.17
7a8d03aa-782a-45e0-88ca-765192f5df7b,2025-11-06,Google Ads,CMP_104,2.14
d2762bdc-1d34-408e-ba4c-75d4dc99e04c,2025-11-20,Google Ads,CMP_101,1.5
90164161-cfa7-41cd-a631-d00b26d794d3,2025-11-10,Organic,,0.0
9e50aa42-ca6d-4da1-989b-c4da9b37a22b,2025-11-18,Unity Ads,CMP_100,0.87
fd72b050-96a9-454f-9c33-e1f94c1f55ab,2025-11-19,Google Ads,CMP_100,1.44
a021c0ca-3531-468d-8342-bd2bf295456e,2025-11-09,Unity Ads,CMP_104,1.14
68949b8d-00af-4b3a-a812-859a1337739e,2025-11-21,TikTok Ads,CMP_100,1.16
b3f6fe0d-4860-4b32-b4fb-0eb949c13de7,2025-11-08,TikTok Ads,CMP_104,0.66
96fc734d-a003-4d28-8a8f-3653c9af18f8,2025-11-13,TikTok Ads,CMP_102,1.19
e88da719-2624-4b40-a5cb-63a2398d1ca6,2025-11-19,Organic,,0.0
bfbbb17f-9854-4e4e-8ebf-a5c3cae9b4a7,2025-11-25,Organic,,0.0
670acc5c-b321-4f21-8dd8-eb85b04d3376,2025-11-06,Facebook Ads,CMP_103,1.5
5283aac7-bc0a-4a5d-ae99-6e3ee3b137fc,2025-11-23,Facebook Ads,CMP_102,1.93
ffe3fa49-054f-42ff-b366-bad4964db03f,2025-11-23,Google Ads,CMP_105,2.22
7135f221-a6c9-437f-84da-d06a7872bdeb,2025-11-19,Facebook Ads,CMP_102,2.47
175ba98d-f814-4102-bde1-bdfed0725b5c,2025-11-05,Google Ads,CMP_104,1.97
6961929e-546e-435a-a92b-d156db946570,2025-11-10,Google Ads,CMP_102,2.11
0964fbbf-8cd3-41b0-82b0-1cfdd045dd1c,2025-11-17,TikTok Ads,CMP_103,0.53
dd6ac7b8-6778-443b-85c5-b37af85e06a1,2025-11-24,Facebook Ads,CMP_104,2.94
84b871bb-3005-48d2-8de0-51a669ca97d2,2025-11-19,Facebook Ads,CMP_105,2.21
218a1536-8c99-4894-845d-cc38341c6494,2025-11-15,Unity Ads,CMP_103,1.24
a14923c2-f920-464c-8763-fcd01f15c7b6,2025-11-03,Google Ads,CMP_101,2.07
687213f9-8d60-4936-8380-2b708d03c91e,2025-11-11,Unity Ads,CMP_104,1.37
4ab7706e-b773-40ca-aec2-59dc7f95897c,2025-11-02,Google Ads,CMP_103,1.35
74eff545-3e65-4603-b8e3-654bfaf14ff0,2025-11-17,Facebook Ads,CMP_104,2.28
dd30de89-22f2-45f2-a11b-868dbf0d073d,2025-11-25,Facebook Ads,CMP_101,1.9
486822b9-00a8-4de9-920f-87d044656d6b,2025-11-10,TikTok Ads,CMP_105,1.06
551ac8ea-585a-4afa-bbfd-cc1289e06ab3,2025-11-06,Organic,,0.0
b28f41de-fb14-4bc3-b04b-8590de9e3757,2025-11-08,Facebook Ads,CMP_105,2.25
7914f8a8-bea4-4f31-9174-00f80b2c782a,2025-11-10,Unity Ads,CMP_101,1.49
2051acef-097a-4e10-b6fe-bc0e7ecddbaf,2025-11-15,TikTok Ads,CMP_101,0.86
74f93d17-e912-44bf-86a4-bae41986b4b2,2025-11-03,TikTok Ads,CMP_100,0.69
78308930-1327-41bc-a784-378ff84f16b3,2025-11-10,Unity Ads,CMP_102,1.18
541cdfcd-da0d-4a5f-948f-8b74a65bb1f2,2025-11-11,Google Ads,CMP_105,2.33
9e11d2cd-0930-4ef6-8a80-068ddf547e50,2025-11-08,Unity Ads,CMP_105,0.83
c2a79689-1933-418c-ba74-57616f18c108,2025-11-16,Facebook Ads,CMP_100,2.24
530a37df-0bc6-4066-8769-165fe746ccb9,2025-11-05,Unity Ads,CMP_103,0.87
697c3923-87fa-441a-be83-b91f25440fe0,2025-11-01,Facebook Ads,CMP_102,1.61
9ea556aa-61ee-4c5b-9eef-580f9c07a751,2025-11-11,Google Ads,CMP_104,2.31
4104a8b5-a34d-47c5-b60d-ebbb3b70b3a1,2025-11-13,Organic,,0.0
12e89d10-2871-4733-8bed-db12ad77e82f,2025-11-20,Google Ads,CMP_105,2.5
b0b862ef-6c9f-42b9-b647-8986a3917c99,2025-11-03,Organic,,0.0
3cb98350-1b4d-40fe-bbb3-8605da743152,2025-11-15,Organic,,0.0
a881bfd3-d47d-477b-ba5a-91ca059dd55d,2025-11-11,Unity Ads,CMP_104,0.9
7f2984f5-bec3-4a37-9b3d-74bde91e314e,2025-11-14,Organic,,0.0
3810ae66-5a31-44cc-8d4b-69a99b689c88,2025-11-20,TikTok Ads,CMP_103,0.6
a0a11839-e745-4704-98df-bc3ca0d4de3d,2025-11-21,Organic,,0.0
21a4344f-bb7b-4e03-9d67-8bb1945ef2e4,2025-11-26,Facebook Ads,CMP_102,1.61
c958e75e-21d5-4971-b367-49b52cf6bf75,2025-11-19,Unity Ads,CMP_101,1.39
e9ff1cae-41c8-4a8c-aa1f-955ad499da99,2025-11-13,TikTok Ads,CMP_102,0.75
cde22f1c-56b6-4afc-9ed2-55d0bf1e8366,2025-11-23,Unity Ads,CMP_104,0.99
aca5e2fd-b966-442a-ad23-8d36dc322c97,2025-11-22,Google Ads,CMP_101,2.21
1fa382e8-895c-4d99-83b3-8eb403902c5d,2025-11-20,TikTok Ads,CMP_105,0.68
78b2b549-3bdb-409e-acc2-16a01bbc91f7,2025-11-25,Organic,,0.0
d2e82f38-a2a9-44d8-902e-fde5a5cc8bf7,2025-11-10,Facebook Ads,CMP_102,1.64
0986bbeb-f23e-423d-8b9b-d93423c86d30,2025-11-11,TikTok Ads,CMP_102,1.11
637e4b01-22ba-410e-899c-a782e3236d1a,2025-11-17,Google Ads,CMP_103,2.39
19597b5a-a7a8-4636-aa35-df59e2aa7a5d,2025-11-26,Unity Ads,CMP_101,1.47
379efc6e-5edb-4d3c-b0b6-3bcf08601833,2025-11-25,TikTok Ads,CMP_103,0.76
8b621d41-5e09-49ee-af88-bdecfb1e143b,2025-11-01,Google Ads,CMP_105,1.96
f2f25eef-1f45-4bfd-b7dc-67e030974b2b,2025-11-12,TikTok Ads,CMP_104,1.12
f8999246-98de-4ebb-a3b5-cecea446be72,2025-11-11,Unity Ads,CMP_102,1.44
11906f50-3488-4a46-9088-2eafc9776598,2025-11-21,Organic,,0.0
c63d04ee-541c-4a86-bba5-cd2fdea45c19,2025-11-10,TikTok Ads,CMP_103,0.59
402adf9c-8a4b-4f7c-a147-2a15fcce96f6,2025-11-12,Facebook Ads,CMP_105,2.83
c9d6a63b-ca3c-4f5f-9bb5-c40c03cde2e3,2025-11-04,Google Ads,CMP_102,1.24
6bc4123e-bde1-4c1b-a073-3f6d0d6a05b3,2025-11-07,Google Ads,CMP_105,1.33
73b6a09b-1bea-46ac-97fa-7f0483639007,2025-11-12,Google Ads,CMP_100,1.45
f6ca6b8b-a4b1-4991-b542-46464d37a539,2025-11-15,TikTok Ads,CMP_100,1.18
b65feea9-7d82-4264-9ba3-62e7afa415e5,2025-11-26,TikTok Ads,CMP_104,0.64
9fd34579-4667-42ce-a04e-178c10d08d11,2025-11-07,Facebook Ads,CMP_101,1.99
9afd4015-816b-4b9f-b426-b1934b7e6b3c,2025-11-26,Facebook Ads,CMP_104,2.98
6e191042-370b-4063-9d90-e79eb888f6ed,2025-11-09,Organic,,0.0
bac7e2b9-6a7e-4c36-a613-2e6974188109,2025-11-05,Facebook Ads,CMP_100,2.38
afd380c4-2713-482c-b41e-a3ac5fd23109,2025-11-06,Unity Ads,CMP_105,1.17
bd21bc11-be9d-41ee-98b8-72456e8f75a1,2025-11-03,TikTok Ads,CMP_103,0.92
5463adc7-8fca-4b6a-8fc4-2092f4e559e5,2025-11-17,TikTok Ads,CMP_105,0.71
0d2b91ef-b897-4ec5-aa74-bb18de3b496f,2025-11-01,Unity Ads,CMP_103,1.28
a81fdec3-279c-458a-b676-0ce581e5c9f6,2025-11-23,Google Ads,CMP_100,1.99
92f837d4-4750-4f1d-833a-1f6c1d691fba,2025-11-05,TikTok Ads,CMP_103,0.87
a867a096-edd8-47c8-9be7-173706b89231,2025-11-17,Organic,,0.0
ebe9e207-4f19-4ec0-832d-4526b3e4110a,2025-11-21,Facebook Ads,CMP_103,2.12
2451e5a4-11d0-49b2-a699-cd99a847bce7,2025-11-13,Google Ads,CMP_102,2.06
5744f596-7422-4167-ab7a-2460604e46cb,2025-11-05,Organic,,0.0
0d77c5a0-e222-46a6-95bf-be9798a21f1c,2025-11-03,Google Ads,CMP_104,2.26
9b69554d-7c54-435f-ac8c-3b6aa974d079,2025-11-02,Unity Ads,CMP_105,1.05
1c6345ab-6e0e-41e8-985d-3f861d2324e6,2025-11-25,TikTok Ads,CMP_100,0.72
fc04a168-652f-4b49-b873-e57f0ba078e8,2025-11-19,Unity Ads,CMP_100,0.96
4169b9fc-c3a0-4c6f-a321-d1e1c47104c0,2025-11-12,Google Ads,CMP_103,1.95
88575117-6155-4667-a112-507c2cfa55b0,2025-11-18,Google Ads,CMP_102,1.24
ebd14d2c-75b2-4455-84cc-3ede6fac1673,2025-11-23,Facebook Ads,CMP_104,2.8
6aedfdc7-a3e0-4309-b5a1-b94967884209,2025-11-22,Organic,,0.0
9e3d750d-f296-49f0-8d23-72c22bffe17b,2025-11-03,Unity Ads,CMP_102,1.04
6683e107-96c0-44d0-af88-7f283e49fd09,2025-11-10,Facebook Ads,CMP_104,1.74
2b0abedd-c774-44cb-9543-fc3c38b8f24e,2025-11-02,Unity Ads,CMP_103,1.14
d1a69d87-f54e-4019-ba35-844e59e1ac09,2025-11-14,Organic,,0.0
9a36d1ec-2c6a-4e9a-b280-67a14187222b,2025-11-12,TikTok Ads,CMP_105,0.84
c2874f06-9050-47ef-8123-5c9176c5a0dc,2025-11-10,TikTok Ads,CMP_101,0.54
780b3657-117b-455b-b094-4bdb26a524e3,2025-11-10,Google Ads,CMP_100,1.63
12fe28bf-81e0-4489-9a18-e2a30e614bcd,2025-11-16,TikTok Ads,CMP_104,0.99
a508dc95-13a4-4492-897d-e16dd4ea120a,2025-11-18,Organic,,0.0
f4488385-8de7-4d6c-9490-77c27674456f,2025-11-14,Google Ads,CMP_104,1.95
9ae1a991-524f-43ff-b030-7633a6ded1d8,2025-11-13,Organic,,0.0
57eb89b1-d65e-49dd-a62d-2d06cf9b8558,2025-11-11,Google Ads,CMP_100,1.31
fdb1429e-7010-4d13-b526-b22d3f6c21f7,2025-11-08,Unity Ads,CMP_105,1.41
c6435300-68a5-4c68-a32d-bb5e486bb6bf,2025-11-11,Organic,,0.0
8ed6ad5e-1831-4aa3-9466-9d1910df9974,2025-11-17,Google Ads,CMP_105,1.66
a9e27ba9-952e-4abb-94dd-5061555736f8,2025-11-05,Facebook Ads,CMP_101,1.76
f020e992-b576-455e-9854-9f222102f9c9,2025-11-25,Unity Ads,CMP_104,1.12
b3ecb951-ab8c-4f97-a0b7-1785d02ce0c1,2025-11-25,TikTok Ads,CMP_104,0.95
4f11d8dc-5cd3-4369-84aa-c1b75ca0c428,2025-11-11,Unity Ads,CMP_102,1.11
fffe77c8-39fe-499c-b127-41487c7c404e,2025-11-26,Organic,,0.0
d5ca69ab-8a2e-4a93-8558-0bb281f7f3fb,2025-11-10,Google Ads,CMP_100,2.28
29890880-277d-4be9-a070-b6a198e52499,2025-11-21,TikTok Ads,CMP_105,1.17
b836c448-ad26-4ec5-9d42-b9e9692e07b6,2025-11-02,Unity Ads,CMP_100,1.15
4f3949a8-3d3a-4582-88b4-f4743be79df4,2025-11-15,Organic,,0.0
92070158-f277-4f63-ada5-84175e2ad32d,2025-11-17,Unity Ads,CMP_104,1.49
f75d599f-6b2d-4b09-8707-9ad480be7e35,2025-11-17,Google Ads,CMP_102,1.7
a4244f23-0d5b-47cd-8000-35f0df7d0dd7,2025-11-22,Google Ads,CMP_100,1.29
d9e604b3-8412-4335-988c-656db61e5fdb,2025-11-18,TikTok Ads,CMP_102,1.11
d4bf7a4b-25b8-442f-836b-15c7e7c225da,2025-11-03,Google Ads,CMP_105,2.46
6a36af18-06d3-4b93-ae33-688d597e6845,2025-11-22,Organic,,0.0
519554e3-0737-4c86-b97b-5f515ffa46ef,2025-11-10,Google Ads,CMP_105,2.26
d46b415d-eada-49a3-8970-ed9a09ce3cfb,2025-11-23,Unity Ads,CMP_100,1.16
e7e646c7-0158-4463-9d87-76a072d78bdd,2025-11-12,Google Ads,CMP_103,2.43
9bdf90f2-ba2c-4f19-b0b2-a5d18c7e6f42,2025-11-07,Google Ads,CMP_100,2.3
6b79afcc-3d0a-4f0c-8c39-4ec71f317405,2025-11-17,TikTok Ads,CMP_103,0.59
a1c7cc8a-0435-4b64-893a-d23298c3e3ca,2025-11-05,TikTok Ads,CMP_101,1.07
5a5226e6-9d64-4932-8066-853d6de299a1,2025-11-24,Facebook Ads,CMP_104,2.95
11536e99-5c50-4720-b982-f4e08603156a,2025-11-10,Google Ads,CMP_103,2.46
5f90bed6-fb25-464d-a30a-a767a2bb522b,2025-11-07,Google Ads,CMP_104,2.21
a0d572c8-a837-4e68-bba2-05ca3dba6da8,2025-11-17,TikTok Ads,CMP_102,0.6
a48e40f1-d042-4dfa-96ab-087a8bc78e81,2025-11-02,Organic,,0.0
2285b2ef-cfbe-4fe9-aea9-c542a1b970d0,2025-11-23,Facebook Ads,CMP_104,1.91
e2c328aa-3310-4475-8a86-22250b36e356,2025-11-05,Facebook Ads,CMP_102,2.73
c0d7ac73-095f-4a81-80d9-2bce7930ba20,2025-11-01,Google Ads,CMP_100,1.51
45f18619-54f9-4429-a7de-02ccdda4f4a7,2025-11-12,Organic,,0.0
f4dbca07-e506-4670-b092-947dbe4969ec,2025-11-23,Google Ads,CMP_103,2.39
84ef4324-cc1b-4157-ac9f-9c545e0a72ab,2025-11-23,Organic,,0.0
2e326567-d284-454e-bebe-c0db9a3a6103,2025-11-03,Facebook Ads,CMP_105,2.32
7227890e-4e76-433a-8baf-0f5ea9320094,2025-11-20,Google Ads,CMP_100,1.51
ba108217-0ad7-49a2-b277-16ec59fefbbc,2025-11-02,TikTok Ads,CMP_100,0.82
ca9e4a62-fae3-414b-a3b4-42bd46494296,2025-11-16,TikTok Ads,CMP_101,0.67
adedda80-bff9-407d-8d14-a03e83599af6,2025-11-10,Facebook Ads,CMP_101,2.36
3c6a3174-1136-44a5-a050-9c6208e895d7,2025-11-22,TikTok Ads,CMP_104,0.88
add702c9-2747-493c-9ae7-7eab084a6780,2025-11-18,Organic,,0.0
5df06e8c-878a-4ed9-a33f-fc8292ec89af,2025-11-21,Organic,,0.0
7fc15858-2fa0-4842-bc55-300b06a241af,2025-11-12,Organic,,0.0
491b90e9-9ca3-4bb3-bf11-c8ba36ee1640,2025-11-25,Google Ads,CMP_105,1.91
2c33350c-73b9-41d8-92f5-131ada52d2ee,2025-11-06,Facebook Ads,CMP_103,1.59
109fd8ee-b5a4-4200-98f0-dd23aaf78c67,2025-11-02,Facebook Ads,CMP_102,2.83
b34191b8-ed65-42b4-b5a5-f8e6b6391f04,2025-11-10,TikTok Ads,CMP_100,0.83
238d6f44-cac4-40eb-b373-730efc31a597,2025-11-25,Organic,,0.0
cdbcc653-77a7-48b7-9e70-f65f9280c5aa,2025-11-21,Google Ads,CMP_103,1.77
ffe575f6-65ed-4fe3-8f2d-ad3f10d4de39,2025-11-24,Facebook Ads,CMP_103,2.24
20156a72-12e1-43a6-932c-ae01d2c65ee4,2025-11-12,Unity Ads,CMP_104,0.86
d43cdd6d-e0c1-4f1e-a0da-897258321ee4,2025-11-06,Organic,,0.0
de431e06-e924-4069-80bb-ae526ec01269,2025-11-11,Unity Ads,CMP_103,0.92
b596ca7c-ef4a-4a88-9299-e5052976aab2,2025-11-12,Google Ads,CMP_103,2.0
8d03f17a-f4d3-45c1-a293-19fa3240d7a1,2025-11-09,Unity Ads,CMP_105,1.05
9780c215-2b2b-48e9-a417-c09380a8a23d,2025-11-22,TikTok Ads,CMP_103,0.97
566e3cbe-9aea-422f-a6e9-87cab87b6384,2025-11-02,Google Ads,CMP_104,1.67
c561b8dc-a436-4fcd-b2d3-f7610ba36279,2025-11-02,Google Ads,CMP_100,1.68
7f7f6c0a-07c0-4116-a394-ed549e3c5a88,2025-11-19,Google Ads,CMP_100,1.52
ceae71cf-ce00-4af0-beb0-51817ba24588,2025-11-01,TikTok Ads,CMP_102,0.58
7bf7e1d3-6a66-4fce-b089-fc6d2877f5d9,2025-11-23,Google Ads,CMP_103,2.1
bbf483ce-51be-480e-b7e6-a14cdc8a4922,2025-11-07,Unity Ads,CMP_105,0.92
8fc85fc0-83d5-4ceb-9edb-b8eec2baf0e0,2025-11-15,Organic,,0.0
18c8a616-2410-4e9a-bf77-9cae7318b96d,2025-11-18,Facebook Ads,CMP_105,2.57
e6fdd7af-dd84-4acc-b672-94643f8ea40a,2025-11-21,Organic,,0.0
7f8e5483-28ca-4a1d-835b-ec2c3098f7b2,2025-11-07,Organic,,0.0
f1fac6e7-170d-4507-85ee-e1d47f53a88e,2025-11-12,TikTok Ads,CMP_100,0.59
0cf0374c-0c74-4c0f-9a57-553995560a2d,2025-11-03,Unity Ads,CMP_103,1.17
22498f66-6e51-484d-9b84-edc3d8e049de,2025-11-19,Organic,,0.0
91fdfa4f-0d18-4b95-a68c-84770b95017c,2025-11-15,TikTok Ads,CMP_101,0.95
c3affcfe-734a-4ca3-8116-e3fc62e7c1a6,2025-11-25,Organic,,0.0
56ce4b42-fc9e-4dcb-8b7e-62685f89ed12,2025-11-04,Facebook Ads,CMP_105,1.98
80051b10-66c1-4dca-8255-da619a3b0319,2025-11-08,Google Ads,CMP_104,1.46
9b33e3a4-2620-49a9-b4fd-33d184f2fd0f,2025-11-09,Organic,,0.0
fd98fe33-6498-4be9-a999-bbef518b2f21,2025-11-17,TikTok Ads,CMP_104,1.0
7d66971e-8847-4c56-827c-9f8cd40ac5e9,2025-11-11,Organic,,0.0
1c0f0bdc-ac7e-437c-94cc-1e2a5e4cb287,2025-11-03,TikTok Ads,CMP_105,0.79
f791f1e5-43f9-4d6b-b97e-be8798cf1188,2025-11-01,Google Ads,CMP_105,1.83
a107cc46-8634-4718-aba6-adb37afeb114,2025-11-13,Organic,,0.0
b35556a5-f2bd-42f2-9293-f70508150147,2025-11-06,Facebook Ads,CMP_101,2.01
690e7e62-3432-4ec6-b0c4-a01c69b7c0fa,2025-11-11,Facebook Ads,CMP_104,2.64
35145890-84c8-4c46-a359-5fa4b4adaf89,2025-11-18,Organic,,0.0
e980f808-75ac-424c-ac55-aef7f4e95734,2025-11-09,Organic,,0.0
f5141058-3138-4975-bbf3-3a349c2dfa97,2025-11-10,Facebook Ads,CMP_104,2.72
35102852-b474-4349-89fc-2cd8c56bad4c,2025-11-24,Unity Ads,CMP_103,1.5
cb9faf6d-ef3a-4f27-af06-fccb8f7c1d59,2025-11-16,Unity Ads,CMP_101,1.15
65001423-faeb-4d19-a550-8ea26133a34d,2025-11-07,Google Ads,CMP_105,1.84
58ab4778-143b-45e3-b6d1-f6bbf48f709c,2025-11-22,Organic,,0.0
4568f426-89e0-4e22-93f4-a49b33baba88,2025-11-14,Unity Ads,CMP_103,1.06
ab7a3d1c-0cfe-4683-be11-bafe3d4196fe,2025-11-02,Google Ads,CMP_104,1.3
b7a4c719-548e-4f6b-a9ce-1e4e19a692c9,2025-11-15,TikTok Ads,CMP_100,0.98
682b163a-286e-4390-add9-7a1afa585b27,2025-11-05,Google Ads,CMP_102,1.93
52380bf2-4988-4418-b6c3-1218c1836315,2025-11-25,Unity Ads,CMP_100,1.15
b91e3d6e-bd1a-4f4b-88ff-bd403b72c86d,2025-11-02,TikTok Ads,CMP_104,0.82
ff46a6bf-094d-416d-ab6d-2fedef158d5b,2025-11-17,Google Ads,CMP_104,1.41
4c636e95-025f-4543-8997-623ae0723d96,2025-11-24,TikTok Ads,CMP_105,0.87
f0458043-e3a6-4a70-be71-0b558639bd41,2025-11-19,Google Ads,CMP_100,1.63
757b6b29-bb2a-4146-a999-394c54a7b69b,2025-11-14,Organic,,0.0
aca58d95-915a-4c30-8b86-b5a1ca6fbff8,2025-11-20,TikTok Ads,CMP_105,0.9
6d7df5d0-d3b5-4af7-a7ce-378fe5a4983b,2025-11-02,TikTok Ads,CMP_103,1.04
52d78f10-7a3a-4e96-a3ff-23d3fb4fb88a,2025-11-05,Organic,,0.0
546252e7-f43b-4052-8459-bd6ec0f63229,2025-11-07,Facebook Ads,CMP_101,2.12
77242041-1e43-4bd2-aaf4-07f70fe76149,2025-11-14,Organic,,0.0
ea87855e-a382-45d3-9e0e-f546b0b6dedf,2025-11-23,Unity Ads,CMP_102,1.17
27372b52-7a6a-4107-a231-9050f5159494,2025-11-06,Google Ads,CMP_101,1.99
899ac252-c1e1-494a-b888-3058e9ad0e9b,2025-11-08,Google Ads,CMP_105,2.2
c9912032-df85-4777-9887-4bfec1369c65,2025-11-07,TikTok Ads,CMP_105,1.15
1cb9b73a-906d-4c8c-aad0-8c8913fe8a29,2025-11-09,TikTok Ads,CMP_103,0.77
85351a69-dabf-484e-93ff-84612a1f1b61,2025-11-12,Organic,,0.0
720b274b-82a7-4586-a61d-9cde1747f387,2025-11-12,Facebook Ads,CMP_104,1.8
8f0d5540-0ec7-4662-905c-7bdd74f0beae,2025-11-09,TikTok Ads,CMP_101,1.02
beed0af9-00c5-4f30-9103-142441241bb4,2025-11-08,Organic,,0.0
ef40d162-0f6c-49bf-be7e-e3628a89b0f0,2025-11-04,Organic,,0.0
c40d4874-22ab-4752-84db-5a622e13418d,2025-11-22,Facebook Ads,CMP_103,2.11
e821e716-eac8-4da1-9e9f-6f5b72d35458,2025-11-16,Organic,,0.0
59077299-dc3b-4dd8-a74e-02a9220b9ea9,2025-11-25,Organic,,0.0
05d1fb63-c194-497f-80e3-a026d5b6de85,2025-11-06,Organic,,0.0
d2c7bffb-6118-433b-882c-cd1e6c93a791,2025-11-13,Google Ads,CMP_100,2.34
b99b2b5a-e00d-449d-affa-20023040413c,2025-11-10,Google Ads,CMP_105,1.57
19d45deb-1139-4a12-b4c1-c3ea3d9c4e64,2025-11-18,Facebook Ads,CMP_103,2.78
66fadca0-0b53-4932-bd94-19aa3ea6e5b2,2025-11-09,Unity Ads,CMP_105,1.25
fe54ee4b-80ff-4173-a3df-ecd70e731dd7,2025-11-06,TikTok Ads,CMP_101,0.97
24acb722-e052-4739-8d40-6f1b3ca5be29,2025-11-06,TikTok Ads,CMP_103,0.73
97777f10-f2d2-493f-8e85-140d0f9aeb70,2025-11-22,Unity Ads,CMP_101,1.03
f8e8035b-0c00-488a-bee1-011a8e4c3ab5,2025-11-01,Google Ads,CMP_102,2.44
26332018-6883-4c6e-aa94-4054b2414482,2025-11-19,Google Ads,CMP_100,2.1
4cfd0fc1-39b0-4e2a-996e-684f3db0174e,2025-11-22,Unity Ads,CMP_105,1.28
f7c0d5f7-69a5-4b4f-8ff8-869d0ec0713d,2025-11-25,Google Ads,CMP_101,1.68
143df5b3-a58e-43dd-948c-1d84340de049,2025-11-08,TikTok Ads,CMP_105,0.76
ac75c344-608e-449e-84b9-e6020d31812e,2025-11-18,TikTok Ads,CMP_100,1.11
378e6510-8f10-433e-abe4-2e7db96c1163,2025-11-17,TikTok Ads,CMP_104,0.58
f64ab6ec-30a5-448e-afe9-b3d0363908bf,2025-11-17,TikTok Ads,CMP_105,0.81
8d55119e-3d44-4b2c-aa45-ba416589ada1,2025-11-07,TikTok Ads,CMP_100,0.81
42f5b3f5-4ef4-434d-9bf8-6f3ca6129a1c,2025-11-15,Organic,,0.0
ea11905b-51fa-4efa-96f8-9f7ac2fa1da8,2025-11-18,Unity Ads,CMP_100,0.98
255b30e2-bdc2-474b-b8a5-6b49dd34aa18,2025-11-24,Google Ads,CMP_104,2.11
91ddb9bf-613d-4de9-bae2-802354720d2d,2025-11-02,Unity Ads,CMP_101,0.93
7d1645a0-d253-4966-836b-9a0a41e02a89,2025-11-25,Unity Ads,CMP_103,1.11
8bea75c1-b866-47aa-a3d4-526b2b54ff7a,2025-11-13,Google Ads,CMP_104,1.35
0c6b7074-ab10-4c9b-9168-2e09f1f7d904,2025-11-13,Facebook Ads,CMP_100,2.75
02571851-26a9-4100-b509-109b116658ce,2025-11-10,Facebook Ads,CMP_102,1.87
01b158e9-0406-4f44-bce4-0679a8c6dbc0,2025-11-05,Organic,,0.0
fa3c1628-8926-41df-8655-68b7b8e19f56,2025-11-02,Organic,,0.0
863e1f2a-18a8-46ef-ab05-3fc41b656dab,2025-11-04,Organic,,0.0
cb80f288-446f-44dd-9abc-a6e5d0b1e3eb,2025-11-08,TikTok Ads,CMP_100,0.65
b27e1442-fd7f-4973-be42-df5b90a3fbbf,2025-11-05,TikTok Ads,CMP_104,0.72
608e2f5c-6117-4270-a7c0-518b17efa621,2025-11-25,Facebook Ads,CMP_104,2.98
6f14b3f6-d867-488b-bff6-b824152aeaec,2025-11-08,TikTok Ads,CMP_105,1.16
0ae4ac11-eb4d-4f42-8735-70a2e5110961,2025-11-06,Google Ads,CMP_105,2.42
e63949d4-47c6-4688-acf3-2053af36b8cc,2025-11-13,Unity Ads,CMP_103,0.9
9647ff9f-3508-407a-b622-d84204022b3c,2025-11-06,Facebook Ads,CMP_105,1.95
9112fbc0-3d8f-45f4-905f-9096299656e2,2025-11-05,Unity Ads,CMP_101,1.19
bd5ff093-c16f-4bcc-a243-bed754ec3f33,2025-11-13,Organic,,0.0
3b6dca0d-6fe5-440b-9901-ef870dbf0caf,2025-11-15,Facebook Ads,CMP_103,1.58
07958c1f-538d-4b8c-8607-b1e9f80b2cea,2025-11-22,Facebook Ads,CMP_104,2.71
6e8d9644-601b-4bcb-b0ee-bcce8d93e14a,2025-11-24,Google Ads,CMP_100,1.59
12d15585-b68e-47fa-bf17-5534cc4d5819,2025-11-07,Unity Ads,CMP_105,1.44
63be441d-bd5a-4c9e-a77e-b0aaa247541d,2025-11-20,TikTok Ads,CMP_102,0.73
450f69ee-c2e7-4a98-9c23-8d8d71da35b9,2025-11-13,Google Ads,CMP_103,1.87
1a7167c7-6875-4545-832f-52c48e0370cf,2025-11-15,Google Ads,CMP_102,2.39
4ab6821c-0328-4136-a29e-f3d8dd1ca267,2025-11-11,Facebook Ads,CMP_100,2.61
af70de70-2b69-495e-8567-1b58926bffa5,2025-11-09,Facebook Ads,CMP_103,1.99
2ace1aa9-1032-46b3-a55b-fc1c7e3d5ee4,2025-11-19,Google Ads,CMP_103,1.53
3f2086c2-f1b8-4d65-806f-64d65c72aebd,2025-11-24,Google Ads,CMP_105,1.42
4dfe1117-22af-411f-9b62-8a9d75366b9f,2025-11-18,TikTok Ads,CMP_100,1.19
70b27304-545c-488d-9cb9-075ecdd7f460,2025-11-17,Organic,,0.0
7aa061e9-336b-40cb-b1fe-ad13f280df1d,2025-11-25,Facebook Ads,CMP_101,1.6
7db2a7aa-a205-454f-b1e8-c09dbc20b9f2,2025-11-01,TikTok Ads,CMP_104,0.95
5d71a898-6497-4593-892e-8c93d105c8d6,2025-11-16,TikTok Ads,CMP_100,0.79
8cd34c62-c482-4b71-ae84-b81c2e0fb5b3,2025-11-17,Unity Ads,CMP_101,1.36
d4cee27c-4a94-4e9f-8c35-1e4f703e957f,2025-11-04,TikTok Ads,CMP_102,0.87
40afbf3f-3df5-4967-8d86-70bda2224f96,2025-11-09,Unity Ads,CMP_101,1.12
7aaf2001-9912-416a-bd9e-8e2072f60958,2025-11-23,Organic,,0.0
8972abbd-cff2-41c4-a53f-9644b39e4df2,2025-11-21,Unity Ads,CMP_100,1.19
0b570720-9cd8-458b-a5a1-c8252a9528c3,2025-11-21,Unity Ads,CMP_102,1.25
1b1f2eb1-6e32-45a8-8bd5-cc86f73936e9,2025-11-19,TikTok Ads,CMP_100,0.83
9342a09f-b00a-464c-949c-d8d48ed8a80d,2025-11-03,Google Ads,CMP_101,1.22
584fc85b-2697-484d-801e-8690b0c07fcc,2025-11-19,Google Ads,CMP_101,1.41
1db6b844-15fa-4483-b633-cc2deba900e1,2025-11-19,Facebook Ads,CMP_105,2.69
8567c805-34f5-41c0-88c5-eb2a7490adeb,2025-11-24,Unity Ads,CMP_100,0.96
0b705933-4cde-4b6b-9132-567c51a40d2a,2025-11-11,Google Ads,CMP_102,1.24
ee0f65a8-2a13-4c1f-8cd0-15c1ad5900dd,2025-11-26,TikTok Ads,CMP_103,1.16
6d268b37-8f52-42d3-94bb-bcf828fea761,2025-11-06,TikTok Ads,CMP_101,0.71
a84554c3-a3f6-4c61-afb7-0dab2f383b43,2025-11-23,Unity Ads,CMP_105,1.3
638abdf6-6df7-4cd3-979a-a0517317591a,2025-11-05,Organic,,0.0
10042d82-cbc7-4f1a-8f08-ea54b4299924,2025-11-01,Google Ads,CMP_100,1.33
abb316a7-4329-4780-9d2c-272175220646,2025-11-06,TikTok Ads,CMP_100,0.79
5a1baf0e-5911-46dc-9d3e-503a9645f0e4,2025-11-03,Google Ads,CMP_100,2.32
9d4edb71-eb2e-480e-8c25-5823ccf4ffb0,2025-11-10,TikTok Ads,CMP_101,1.13
5f90fc87-2edc-417e-9df0-5d184e2d6255,2025-11-19,Facebook Ads,CMP_102,1.71
2f8d8ded-6c4c-450b-a23a-d0fc93267d25,2025-11-09,Unity Ads,CMP_102,0.99
508850d3-2fe5-4140-a3ea-795649f1137d,2025-11-16,Facebook Ads,CMP_103,2.58
d0b1fde0-31f3-40c0-a2f3-f0687c0f549d,2025-11-20,Facebook Ads,CMP_103,1.96
71a0449d-d703-462f-b5cb-e3f56a66c184,2025-11-11,Google Ads,CMP_103,1.77
398f569b-465c-42cb-885e-b4894ac66780,2025-11-21,TikTok Ads,CMP_101,1.16
7eccdaf4-c413-4dc2-85c5-ae8abe15ad12,2025-11-16,Google Ads,CMP_105,1.58
8ac35ac4-5dea-4737-bdab-3441d2c2a960,2025-11-21,Google Ads,CMP_103,2.26
1a37f6bd-6cd6-4011-bd61-f13b37f25d36,2025-11-12,TikTok Ads,CMP_104,0.63
593c572b-4347-4bca-b321-a8b20840405a,2025-11-01,Google Ads,CMP_100,2.28
35ba9357-3ca8-4f31-8fd7-f3b9c68fcba5,2025-11-26,Google Ads,CMP_105,1.51
c8ebe27a-23a4-470e-9dbc-15c02a7dc57c,2025-11-05,TikTok Ads,CMP_103,0.84
98cbaa52-47f5-4019-8843-8de259cf0b0d,2025-11-18,Google Ads,CMP_104,2.11
f3d04ffb-4470-4848-929e-cc924a11be44,2025-11-20,Google Ads,CMP_104,1.42
46feacd4-fe13-43cd-8f2d-5c15eb346d3a,2025-11-02,Google Ads,CMP_103,2.46
5274ee11-b61d-4906-a570-35db3fead90a,2025-11-04,TikTok Ads,CMP_104,1.02
6a0aa7d5-a0b8-4755-84ca-a5a2a1e518a2,2025-11-19,Unity Ads,CMP_105,1.12
4739cc7b-bff3-4c8d-83ff-3e9667213a70,2025-11-19,Organic,,0.0
de70bd30-00a2-4367-94fb-09f053c93ae7,2025-11-16,Organic,,0.0
88d00abd-cbb1-4c79-9036-708dd9a09007,2025-11-04,Unity Ads,CMP_104,1.35
48998e5f-d40e-43ce-92a7-4a4144bed486,2025-11-16,Unity Ads,CMP_102,1.02
aebbb90e-e4e7-41de-97ff-51d9c9ce44bd,2025-11-02,Organic,,0.0
db8f0e32-edef-4003-9fce-01e3042b03ca,2025-11-22,TikTok Ads,CMP_104,0.61
e8cee951-b047-4ea4-bee5-ce6933cb202e,2025-11-14,Facebook Ads,CMP_105,1.78
40198303-5c45-4e4d-a793-13b817e52113,2025-11-14,Facebook Ads,CMP_103,2.17
c156e501-b30e-46e8-b9da-5f8c4e35da80,2025-11-13,Organic,,0.0
97fb613a-21f8-4d06-93f3-cade7a10013f,2025-11-19,Facebook Ads,CMP_102,2.19
dc3f42e0-fcf7-4842-9edf-3bfad12e0eb5,2025-11-22,TikTok Ads,CMP_100,0.77
ce532ffd-bb13-4f02-96de-66c96210def6,2025-11-12,Google Ads,CMP_104,2.39
d038e153-c601-418b-a1fa-01ba231ae7c7,2025-11-03,Google Ads,CMP_102,1.35
9033da65-87cf-43fd-9183-6c4f249204c7,2025-11-23,Facebook Ads,CMP_103,2.36
26c0747e-bf8e-4bfa-a0c9-da72368acd40,2025-11-06,Unity Ads,CMP_101,1.0
c0a0473a-23d7-46a1-99b8-14fce5871d89,2025-11-11,Organic,,0.0
3f6eed9d-23cb-4943-8a84-000350834fef,2025-11-16,TikTok Ads,CMP_103,0.85
06ddf6ca-b0c3-4a59-b0f7-ad22c76a8e0f,2025-11-14,Unity Ads,CMP_100,1.14
4ba8a4ca-6449-4b6f-bf72-ae52304b2370,2025-11-19,Google Ads,CMP_102,1.49
980bc81e-a359-4d1f-bfe4-a42e3db788a6,2025-11-06,Organic,,0.0
91816091-d6c6-445c-9c5e-4e786307d4d1,2025-11-19,Google Ads,CMP_100,1.9
0445c1a8-12af-47e4-8536-c66efcc4091b,2025-11-25,Organic,,0.0
81b13b80-65e1-40f5-8a0e-e8c4f2dcb12b,2025-11-24,Organic,,0.0
89a3c811-895c-4fde-a3fa-40691519fd38,2025-11-15,Organic,,0.0
f96c9a0a-3404-402a-abc1-bb5282e4dd4a,2025-11-15,TikTok Ads,CMP_105,0.98
bade8d5d-6fff-45cc-b2dc-6c344f67448e,2025-11-20,Facebook Ads,CMP_100,2.72
74102d5d-1db1-4bfc-af3a-5115ecb4678c,2025-11-19,Facebook Ads,CMP_105,1.99
23204ff5-b538-496c-833e-02f71e93d127,2025-11-10,TikTok Ads,CMP_105,1.19
d28fcf68-c871-47b3-8468-b74d85e3ade5,2025-11-04,Google Ads,CMP_101,2.33
bba1aed9-44cd-4fdd-9f9b-141ec7f7bda1,2025-11-23,Google Ads,CMP_105,2.28
b65ad0f1-4350-4b06-9059-ea28861b4f5b,2025-11-13,Google Ads,CMP_103,2.02
911f730b-dbff-40b0-bfe6-70f30e3141ec,2025-11-15,Google Ads,CMP_102,2.1
b90800f3-ac93-481a-92eb-eab0e4eec67c,2025-11-15,Organic,,0.0
5d2d904f-78c5-4073-8bc5-72073e9aec86,2025-11-24,TikTok Ads,CMP_103,0.78
cd98f9e2-8d88-4beb-890d-9655db842660,2025-11-07,Google Ads,CMP_104,1.64
51e744e4-b864-4a08-aa75-752d6a8fcacb,2025-11-05,Organic,,0.0
2de982f8-0d7b-4c04-a6e5-9b32ac5f12ef,2025-11-02,Facebook Ads,CMP_100,2.16
d847dc53-c605-458a-8845-4343ddb449dc,2025-11-14,Google Ads,CMP_102,1.41
c8d57717-9055-436f-8aa5-f9d3335f2f59,2025-11-03,Facebook Ads,CMP_105,1.58
c5c9fb91-ff6e-49ed-be4c-e29ff8cbab4c,2025-11-10,Organic,,0.0
8aa2b4c9-3ba5-4d76-861e-fb9568f82063,2025-11-01,TikTok Ads,CMP_105,0.66
4eb9047d-ba2a-43d9-bcf2-fc3bd95874c2,2025-11-15,Organic,,0.0
247296a4-ff38-4918-b8f9-a45d0f554896,2025-11-14,Unity Ads,CMP_100,0.86
5f5ba255-e544-4887-b36a-b3ed69be173a,2025-11-04,Facebook Ads,CMP_101,2.07
13281726-64f4-44d6-91e9-1691a3209116,2025-11-21,Organic,,0.0
d9d57b02-42d0-4d55-8aab-47b23c9d128a,2025-11-20,Facebook Ads,CMP_101,2.44
3bcdf203-459e-4674-b3e7-f042516c3b0a,2025-11-14,Organic,,0.0
1b0c62eb-27c8-4c6c-9be5-a4c395af6d0c,2025-11-04,Unity Ads,CMP_103,1.05
c534ca08-f6f2-4d1c-9bb8-b9c8893259f3,2025-11-11,Organic,,0.0
afa14a55-cebe-4baa-a859-7b341725d2c7,2025-11-08,Organic,,0.0
3f8b4433-b60e-495c-9759-ba9625f88c74,2025-11-22,TikTok Ads,CMP_103,0.63
2c82989f-fd9c-4bb0-91f1-6485429a4a7c,2025-11-10,Organic,,0.0
183fea70-3ff6-479e-8cd4-b90abf8211bc,2025-11-08,Organic,,0.0
38e7e019-fb89-46c8-87ec-fe71d49347fc,2025-11-12,TikTok Ads,CMP_104,0.79
eadc9960-4242-41e2-960b-e0f495132c22,2025-11-22,Organic,,0.0
e7b33085-178b-4968-a0f8-7ba2cf2e3296,2025-11-01,Facebook Ads,CMP_100,1.56
92ea1324-ec93-4596-ab01-57230cf697a5,2025-11-26,TikTok Ads,CMP_103,1.04
5a9c0679-2c3d-47e2-ad39-da75aee70ab2,2025-11-23,TikTok Ads,CMP_102,0.93
9d3616a1-08de-4921-a60c-b547e2280fe3,2025-11-03,Facebook Ads,CMP_101,2.96
7aa1c567-8cf9-4ea9-a1fd-c6d169785221,2025-11-18,Organic,,0.0
cc152a1b-e278-4642-a484-e035330faaa3,2025-11-10,Organic,,0.0
7c13f47a-c80c-4195-8b65-84ce7acc9970,2025-11-14,Organic,,0.0
3811b519-98dc-4e0b-91a1-f5df06ac1010,2025-11-10,Facebook Ads,CMP_101,2.55
95804c2a-c44f-44b8-9b80-b8d18788dfed,2025-11-16,Facebook Ads,CMP_102,2.62
d0f81063-889f-4107-843b-1d0f3dbc3093,2025-11-24,Unity Ads,CMP_100,0.99
cc21cbdb-fb8f-48c4-98b4-8ead93608edf,2025-11-09,TikTok Ads,CMP_103,0.75
b297a782-bcf4-44aa-8e63-cb1a5168bbf2,2025-11-19,Organic,,0.0
f2c84743-9027-4770-a460-d0d2904883c1,2025-11-19,Organic,,0.0
0e61065f-171b-4b80-89b7-fdf77d8d3ddd,2025-11-02,Google Ads,CMP_101,1.7
9d37efb6-eafb-4e90-94ec-84ce002ccb25,2025-11-06,Facebook Ads,CMP_105,2.12
de4379cb-d823-4076-8d6b-b03beb3537a0,2025-11-11,Organic,,0.0
86bb42c7-d8b2-48b6-9c65-4aa2c63ce21d,2025-11-17,TikTok Ads,CMP_103,1.19
4d407b28-5628-4dcd-99dd-3e8c96053035,2025-11-03,Google Ads,CMP_104,1.63
7cb923f5-f5ed-4382-a3a6-ef83cab63107,2025-11-15,TikTok Ads,CMP_105,1.05
9d1c0838-edc8-4ca8-a3bc-d6f3b18d2c8c,2025-11-20,Unity Ads,CMP_101,1.5
bbe71835-4e8b-478a-a0dd-c7f12ce3d822,2025-11-24,Unity Ads,CMP_104,0.82
92a54d04-f2dd-41f5-b3b6-d344f2e3c6f0,2025-11-12,Unity Ads,CMP_105,1.39
efcac577-1aa6-47cb-90c7-e6aca3bfe403,2025-11-10,Facebook Ads,CMP_100,2.13
2afaab7b-51cb-49e5-bb7d-3ba158c88c48,2025-11-05,Facebook Ads,CMP_104,2.85
35adde88-43e4-4668-82ea-d2df725656e3,2025-11-14,Organic,,0.0
62ccc604-0c53-444b-8053-f649b86d066b,2025-11-19,Unity Ads,CMP_104,0.85
59ea4936-60f3-4ebc-a1bb-b8cd7e3a9f07,2025-11-02,Google Ads,CMP_103,2.31
39bfca38-afe9-4e90-821c-3fb3a6a5f0ff,2025-11-23,Facebook Ads,CMP_101,1.61
f3a02120-42d9-43ee-9197-6e750523d4fd,2025-11-05,Facebook Ads,CMP_102,2.17
8c0b393a-1333-4bc9-bb63-5ff529310971,2025-11-14,Facebook Ads,CMP_103,2.18
f143e545-6e6b-44b9-87ef-2ba8b45a6ab3,2025-11-09,Google Ads,CMP_105,2.27
30a2cee8-f972-4cc1-b49e-f4a954c29d5c,2025-11-20,Google Ads,CMP_105,1.39
64953d5f-0cb4-4891-988d-f23b3ccff6eb,2025-11-08,Google Ads,CMP_101,1.54
4b6797a1-166e-4fe3-ad77-959500fa0eb4,2025-11-01,TikTok Ads,CMP_103,0.67
4ab427e3-a360-4681-abbb-a89d34fadee1,2025-11-04,Facebook Ads,CMP_103,1.7
7d3572cc-788f-40cd-a5c0-6b93c8edabdd,2025-11-12,Organic,,0.0
e2afa629-5efb-436e-af54-60336334fa2a,2025-11-01,Unity Ads,CMP_100,1.37
39eb038a-436e-4c49-b70e-09db7092d401,2025-11-26,Unity Ads,CMP_104,0.84
cee4e512-5802-4640-ab0b-4cc515f0ea19,2025-11-14,Unity Ads,CMP_101,0.92
6b2b78b9-85c7-43be-9183-010f6319629b,2025-11-06,Facebook Ads,CMP_104,1.55
6511e61a-1436-45f5-8c81-926079ec533c,2025-11-20,TikTok Ads,CMP_100,0.84
fb95d0fc-ad72-4d05-924c-de09ccea5031,2025-11-09,TikTok Ads,CMP_104,0.67
31567f2a-cef7-4829-b63e-6ef4f8dfcc3a,2025-11-26,Google Ads,CMP_103,1.82
a091e5b4-d293-4e6e-bf4d-093033b0fb53,2025-11-12,Facebook Ads,CMP_104,1.54
65b90e94-8e6d-4263-a35a-775d16476e3f,2025-11-08,Unity Ads,CMP_104,1.17
966b62ea-9f80-496b-b34e-356ac95b61f8,2025-11-08,Facebook Ads,CMP_105,1.9
952a5345-9682-49ff-910c-4cb725f06b0a,2025-11-02,Facebook Ads,CMP_104,1.76
891f4683-de12-4bf1-893d-6196c926a021,2025-11-11,Google Ads,CMP_104,2.43
099759a3-7919-455c-9be4-f19f92701d60,2025-11-05,Unity Ads,CMP_101,1.18
e1035e1c-e3bb-42ae-a552-ac5309eda6f5,2025-11-16,TikTok Ads,CMP_104,0.65
5f584603-e5a3-48e9-84c1-f1b5ebbbd763,2025-11-16,Facebook Ads,CMP_102,2.71
1924c644-af52-4666-b239-09f4dbb54645,2025-11-23,Facebook Ads,CMP_101,2.38
d3692867-c626-438f-b16f-b276be64ac2a,2025-11-25,Google Ads,CMP_105,2.12
e9d6bb7e-361d-4014-b114-56de301c8db3,2025-11-13,Google Ads,CMP_101,1.38
ca9f1d59-83e8-4700-8e63-813ed22e3226,2025-11-24,Facebook Ads,CMP_104,2.56
86379f04-d9ee-4dc9-87cf-eca822b9f24c,2025-11-23,TikTok Ads,CMP_103,1.07
08775804-3fde-4814-8ec0-ad4bd6441a9d,2025-11-10,Organic,,0.0
814ff657-76d7-4561-92d1-4ef55e4c4fd1,2025-11-23,TikTok Ads,CMP_104,0.52
2d761ffa-7233-45af-9813-3da17d2120ad,2025-11-11,Organic,,0.0
e4fd6c34-d670-4a21-a9dc-073e5820b3f2,2025-11-16,Facebook Ads,CMP_102,2.02
c7a2f280-927f-4103-9a94-08c029b44cb1,2025-11-06,Google Ads,CMP_105,1.47
68d576b8-a6ce-4d7a-84e2-a94b34ec5264,2025-11-03,Organic,,0.0
3948fe22-022a-4dda-8d05-79e299e4704c,2025-11-02,Facebook Ads,CMP_103,2.83
da018d29-6060-41eb-a53e-5f4c6c7e9a2c,2025-11-13,Unity Ads,CMP_104,1.35
9fa4a627-d306-48be-8548-867bad5cba24,2025-11-21,Organic,,0.0
9beab529-9801-4a2f-a5b8-36938fbba749,2025-11-10,Organic,,0.0
46e1ee40-dc8a-46a7-933c-2ed5a3fe0479,2025-11-03,Facebook Ads,CMP_104,2.6
0e88c8ec-e651-43e1-bd84-6fc9c3f62136,2025-11-03,Unity Ads,CMP_101,1.46
7f53d344-a7c8-44e4-8684-3c86b8a60402,2025-11-20,Google Ads,CMP_101,1.47
95410a9d-090a-4a93-bc9a-79986365fc2a,2025-11-14,Google Ads,CMP_100,1.51
a36884f5-88dd-4880-afb2-8b3d38eccb4d,2025-11-13,Google Ads,CMP_100,1.2
8ee9581a-e061-465f-a859-6f8cd73418fe,2025-11-10,Organic,,0.0
c34e9baf-8f1c-42cc-8eef-9fa8b9a5d4d0,2025-11-07,Unity Ads,CMP_102,1.39
df162ec3-be84-4aa2-b92c-04da5af3da5a,2025-11-26,Google Ads,CMP_104,1.32
1e26ed31-d9e9-4758-b6b9-04364b46ef33,2025-11-13,Google Ads,CMP_100,1.44
61b512ed-ae42-4568-9e14-553b1eac41d9,2025-11-09,Google Ads,CMP_101,1.93
57b936b0-3346-4332-be0a-824e232a5e82,2025-11-25,TikTok Ads,CMP_104,0.79
55273407-7cd2-492f-94b0-0f62c768b07f,2025-11-08,TikTok Ads,CMP_104,0.79
359a1533-4605-4c0e-b3b9-c2ac0134e76b,2025-11-22,Organic,,0.0
c79ddb62-c379-44c1-8903-94ea7d54ec82,2025-11-13,Unity Ads,CMP_101,0.92
62210670-7a36-4788-b71f-b9a66dd49c96,2025-11-07,Organic,,0.0
c1c0c5e3-527c-4f50-a45a-87e8039a8ed5,2025-11-22,Facebook Ads,CMP_102,2.75
39ec8ca1-3fb2-4f47-bbcd-6c18a06e8de5,2025-11-11,Unity Ads,CMP_102,1.19
4e5d8f12-96b3-4f4a-80da-a8ca62305d27,2025-11-17,TikTok Ads,CMP_103,0.91
862c92fd-98ab-42e7-8531-9f0fba533122,2025-11-04,TikTok Ads,CMP_100,0.91
303cb04b-c007-4336-9bf7-dda17d7c59a5,2025-11-04,TikTok Ads,CMP_103,1.12
3610901c-2196-43b5-bc21-109bba27bc64,2025-11-09,Unity Ads,CMP_102,0.83
600c9c71-0990-4647-8ac8-d87ea689d07f,2025-11-13,Google Ads,CMP_100,2.1
a976dc4d-0c47-4187-bea3-5d37980b6853,2025-11-24,Organic,,0.0
8c1ab2c7-1fa3-4d1f-a158-4f8871be94c3,2025-11-11,Unity Ads,CMP_105,1.4
6bbe3b5a-4d15-47d8-8261-c87aa15c159a,2025-11-04,Unity Ads,CMP_102,1.34
1adba8cf-e60c-4638-94a5-a81e6b382a0a,2025-11-09,Facebook Ads,CMP_103,2.87
3322c68b-9be7-4aec-b2da-81f07f6bd3c6,2025-11-24,TikTok Ads,CMP_100,1.05
8c52d271-0a16-4e18-a90e-3e894b9c22f4,2025-11-10,TikTok Ads,CMP_100,1.12
03438b64-00b3-400f-bc08-899054a27051,2025-11-06,Facebook Ads,CMP_100,1.55
c78f07cf-170f-487b-b30e-e4fe262e5559,2025-11-12,Unity Ads,CMP_105,1.15
439db29d-4bc8-4c16-ba2f-bd74fd1935cc,2025-11-04,TikTok Ads,CMP_103,0.81
cd3566ef-5c37-4739-8a62-9c5eda2cf852,2025-11-19,Google Ads,CMP_105,2.17
0bbf6334-e3ea-4d7f-8219-a845d9eb404c,2025-11-03,Facebook Ads,CMP_101,2.78
700e0efc-e4ff-431a-9b86-ea6954231dbe,2025-11-08,Unity Ads,CMP_105,1.16
2ed087d4-57bc-4d3a-90a1-7fe85f642a53,2025-11-01,TikTok Ads,CMP_101,1.06
d9c59cd9-b09d-421b-a2be-4009d5f0fb6a,2025-11-09,Google Ads,CMP_103,1.75
b9f6143b-b238-4056-a1ec-47541cf14654,2025-11-12,Google Ads,CMP_104,2.08
91a646da-cd61-4988-bb90-942f973b6977,2025-11-13,Google Ads,CMP_104,1.93
dcd1c413-0760-401f-9c81-fc465bcd236c,2025-11-20,Unity Ads,CMP_102,0.84
70d0ebcb-6949-4ce5-a339-5b1a1ce97871,2025-11-21,Google Ads,CMP_104,1.44
865a7766-ad8c-4fea-9e4b-061eb45e9463,2025-11-25,TikTok Ads,CMP_102,0.78
b359390e-b030-4aaf-85ea-16e084e3b774,2025-11-22,Google Ads,CMP_103,1.54
ad21b4cc-a9e8-40d8-9883-09de7b5fbe41,2025-11-13,TikTok Ads,CMP_102,1.07
0df80b89-9ce7-4ed1-bcdf-e961e45e2ad0,2025-11-24,Google Ads,CMP_101,1.86
2a57e880-de92-45ea-beef-09abda143a47,2025-11-22,Unity Ads,CMP_102,0.89
81c61eeb-0ce3-48c8-8735-4e4ff85b6d0a,2025-11-24,Google Ads,CMP_101,2.05
cd1f75a3-71b6-4ca1-b587-3920142e3df0,2025-11-12,Google Ads,CMP_104,1.68
bec7fb11-7f53-4c0a-bb0d-3cda1e639261,2025-11-10,TikTok Ads,CMP_104,0.91
1744ee3f-d36e-41bd-800b-1f5e8c91bd13,2025-11-03,Unity Ads,CMP_103,1.17
74ca0ad7-abe5-4e96-a793-9a2e34f43404,2025-11-02,Google Ads,CMP_104,1.73
8f660bbd-54fc-486f-b457-7d47d8253010,2025-11-15,Facebook Ads,CMP_103,2.67
18f1a1e4-1d30-4290-b3d9-2aceb7461b72,2025-11-11,Organic,,0.0
ccc7147f-f6e5-403c-a237-9e6fd4734534,2025-11-15,Facebook Ads,CMP_101,2.36
23f47a55-7e0f-40b2-aa06-1609e599bd3c,2025-11-16,Unity Ads,CMP_103,1.08
da296905-ee22-470b-9ee9-32603002d831,2025-11-13,Google Ads,CMP_102,2.44
c1d48a10-1b96-4925-9682-d038b77f69b9,2025-11-25,Organic,,0.0
811317a8-f4c8-4393-96dd-6c82a8909e31,2025-11-21,Google Ads,CMP_100,1.61
d6bca712-6ecc-4931-af70-5d018da03d88,2025-11-13,Organic,,0.0
1a82833c-20dd-40ff-90b3-d752bb01b2a5,2025-11-10,TikTok Ads,CMP_103,0.87
ea7917e1-9be7-42ab-bac0-8fc46b2d9ccc,2025-11-22,Unity Ads,CMP_101,1.05
73edb223-4b4e-4503-b872-241357c5982c,2025-11-06,Facebook Ads,CMP_100,1.82
4c859233-8325-4d9e-bf98-e734e2ed8686,2025-11-19,Organic,,0.0
35afbb2d-336d-4786-b7a3-c30aa1f0fa7a,2025-11-13,Organic,,0.0
f9a55cf2-a66c-4fa1-b5dc-8a9afb38cd91,2025-11-22,Organic,,0.0
9215583a-9532-4aba-baf9-85ff8ff19886,2025-11-14,Google Ads,CMP_101,1.82
6c21835d-d8e8-497c-a0a2-59014932936e,2025-11-07,Organic,,0.0
4458b006-332c-4e0a-8e7d-a698ab95c72f,2025-11-22,Facebook Ads,CMP_100,2.13
b0cad2eb-0fe1-421a-96e1-ba00257c54bc,2025-11-17,Organic,,0.0
1a3c2131-73dd-4bc6-9064-05a85bd29cb1,2025-11-16,TikTok Ads,CMP_102,1.18
c8c85ad6-82cb-4dc7-bcd3-0e99638e1388,2025-11-23,TikTok Ads,CMP_101,0.85
6aa415b5-6336-4815-a1af-663ced2e1bcd,2025-11-23,Organic,,0.0
33fd862d-4057-4470-be61-27a80351b09d,2025-11-22,Unity Ads,CMP_100,0.9
bd0b0fa2-8bee-483f-96a0-6bf2c14ebd10,2025-11-25,Organic,,0.0
2fddb26a-1310-4665-aec2-bb19fbc398d8,2025-11-09,Google Ads,CMP_100,1.54
2932a211-214c-4a4d-83a5-34d28e7d3f5a,2025-11-04,Google Ads,CMP_102,2.24
0a398bf7-27a1-48a0-afff-a2f4b5ae329d,2025-11-14,Organic,,0.0
8cd74c27-929a-4586-8a37-6c367d94bf10,2025-11-01,Unity Ads,CMP_102,1.47
8150e0c9-c948-484b-9174-035785467426,2025-11-24,Facebook Ads,CMP_103,1.67
54f6516e-a9d0-49dc-b69e-5af8e22649ee,2025-11-15,Unity Ads,CMP_105,1.36
d2dd3e26-8fb3-4134-bf23-36e979903d96,2025-11-26,Organic,,0.0
9d1b83df-a46b-4fce-a78d-147c3d877034,2025-11-06,Unity Ads,CMP_105,1.36
cbd431cc-ea7a-4c21-a1a1-a29c5228ed8d,2025-11-15,TikTok Ads,CMP_105,0.52
d275bd43-8451-4303-a94d-4fbe06531d47,2025-11-24,Organic,,0.0
5200044b-3148-4df8-a6ca-8d50e5f5c891,2025-11-14,Google Ads,CMP_105,1.22
10c2c2e5-a07e-4fb1-81e0-6ad888802d4d,2025-11-17,Google Ads,CMP_105,1.87
89aa4293-34a0-4cd4-9a9a-f29ed5ee2587,2025-11-23,Facebook Ads,CMP_105,2.22
0614ac41-275c-45dc-afa0-8cbebf343ca7,2025-11-22,TikTok Ads,CMP_104,1.12
407d0aff-cb51-4911-ad90-e4ee0de4833e,2025-11-02,Unity Ads,CMP_101,1.4
6edaba8c-6789-47d0-a155-eb2c737cf8b5,2025-11-03,Google Ads,CMP_101,1.27
9e4c24dd-b864-447b-a434-47fb01829782,2025-11-18,Organic,,0.0
4a32bb22-1b2b-42ec-80b9-ec30ed94898b,2025-11-15,Unity Ads,CMP_100,1.11
61a451ff-700b-4b43-ad3b-9d13c3e90323,2025-11-16,Organic,,0.0
cbf925b5-6418-46b7-bf2b-43b422e9e527,2025-11-18,TikTok Ads,CMP_105,1.17
ea06f94b-e310-4f72-ad62-d0944c4d6e40,2025-11-10,Unity Ads,CMP_102,1.47
243113fd-8e19-4d07-9ff0-b9bf8db3c2c1,2025-11-02,TikTok Ads,CMP_105,0.92
4e003d55-15ca-4faf-b26d-3dd38c2aa0b1,2025-11-22,Facebook Ads,CMP_102,1.5
38858f7e-2f1a-45a8-a934-4e152477f047,2025-11-21,Organic,,0.0
da2d2156-913a-4734-8cb6-8571abc53545,2025-11-06,Unity Ads,CMP_104,0.87
402d105b-113e-4f84-abf3-90964a68369c,2025-11-07,Unity Ads,CMP_101,0.95
3c0a584e-a7cd-43cb-abda-06b220d2b528,2025-11-23,Organic,,0.0
4e40bfba-a8cf-4589-9dc8-9e1a540e7d01,2025-11-21,Unity Ads,CMP_104,1.12
6da58dad-f56a-4bc0-90fb-35b0cec56969,2025-11-17,Organic,,0.0
6fa5d3b0-a40d-4ea5-bd64-987eb652ae99,2025-11-18,Facebook Ads,CMP_101,2.54
7202fae5-767d-4b27-bade-4367e0bd202c,2025-11-24,TikTok Ads,CMP_102,0.92
14fc3a5d-9b4b-4377-a542-deb92cff45f8,2025-11-17,Facebook Ads,CMP_102,1.91
139309d1-a06a-487d-a2e6-e7a6bbc99473,2025-11-10,TikTok Ads,CMP_105,0.99
67b6e467-9432-4797-94f6-c67ad0095507,2025-11-17,TikTok Ads,CMP_101,0.94
8a284792-ffac-4645-a4dc-43068b20ce3e,2025-11-07,Facebook Ads,CMP_105,2.97
bbb4c0ce-96f0-4335-85ab-48dae4354021,2025-11-06,Google Ads,CMP_104,1.93
808e08d2-5d26-4b1b-a593-b659172e8c68,2025-11-19,Unity Ads,CMP_104,1.37
2a74b90c-af25-47f5-9d31-762afb5abb36,2025-11-04,Organic,,0.0
a8cf4f62-90d9-470c-b2de-c75c90fcc9f1,2025-11-07,Google Ads,CMP_100,1.39
38048786-0a58-443c-9bda-0655f06dca24,2025-11-23,Organic,,0.0
34ef2552-ab28-4d09-8af5-7e603be8a5df,2025-11-12,TikTok Ads,CMP_105,1.11
fb07ee93-0a37-41ab-8be3-534ae1ad640c,2025-11-21,Google Ads,CMP_100,2.1
94213090-4368-4e93-bded-cb7ad5ba304c,2025-11-13,Google Ads,CMP_100,2.46
e5f22dfb-a741-404b-9672-1e985d8416e0,2025-11-01,Unity Ads,CMP_105,1.38
d1366db1-5a57-4607-a7e5-46468430f0fa,2025-11-23,Facebook Ads,CMP_101,1.94
709d338b-2393-4d45-a1cc-ff0d8078636d,2025-11-22,TikTok Ads,CMP_100,0.58
5cbaa496-2848-4240-afd9-0ce1267627ca,2025-11-14,TikTok Ads,CMP_100,1.09
acdbd5f2-7b44-4cd0-9d03-c3d5b862acc3,2025-11-11,Google Ads,CMP_105,1.98
3e612d66-05bf-4618-a930-b0c4d5576899,2025-11-20,TikTok Ads,CMP_105,0.75
2598f383-9280-4da2-a40b-50e40a086989,2025-11-11,TikTok Ads,CMP_104,0.55
f8205aa7-996f-4e88-a7cb-fc39f54f1b92,2025-11-06,Facebook Ads,CMP_105,2.83
72fefdc2-3772-4a97-95f3-9d39f27f3ad7,2025-11-11,TikTok Ads,CMP_104,0.87
99d090fd-6928-443e-9492-b51a38283a05,2025-11-25,Unity Ads,CMP_105,0.97
af82e70c-b964-4e4f-aaef-cf3b43b7a0ef,2025-11-20,Google Ads,CMP_100,1.7
21d8b96a-62ad-4157-a0d2-759a3ad51382,2025-11-13,TikTok Ads,CMP_102,1.08
d3966f0a-6b77-4f9e-af32-baf8811db4af,2025-11-17,Google Ads,CMP_101,2.37
80da2ed7-880b-4b0e-88ab-96ace0b4659a,2025-11-11,Facebook Ads,CMP_104,2.96
f00f63ef-e59f-41c2-804e-a81ad3d877a8,2025-11-18,Facebook Ads,CMP_103,2.8
87a20e22-b298-4811-8b1e-c578dff47c51,2025-11-04,Organic,,0.0
bdcbfffc-cdfb-44e9-96cb-dafb59bb8900,2025-11-24,Google Ads,CMP_100,1.25
dbeae9f8-e8fb-4a96-bb85-f6e1c40f5405,2025-11-02,TikTok Ads,CMP_102,1.08
01d23a76-ca17-4780-be5f-902fb58ac738,2025-11-14,Unity Ads,CMP_103,1.02
68aa1236-50de-4f43-8de5-c35ab0117b0a,2025-11-22,TikTok Ads,CMP_105,0.54
893e2b89-dadf-4499-82e4-bf0140ee131d,2025-11-19,TikTok Ads,CMP_105,0.57
8d56bff6-69c9-420f-b425-449cc145d6ba,2025-11-10,Unity Ads,CMP_105,1.07
fd0ee0b6-40f7-424b-bbd7-b4bf8e0eabb7,2025-11-01,Facebook Ads,CMP_104,2.62
dd23ff41-dae1-4586-a358-755cbc5c3cd8,2025-11-10,Google Ads,CMP_100,2.44
36e6ba85-19ab-4c15-a96b-67bff301bb6c,2025-11-18,Organic,,0.0
a2c8cf62-f6ee-437d-a39c-4c6c2926205d,2025-11-19,Organic,,0.0
38c5ef5e-4359-4f43-9067-93b61690636b,2025-11-10,TikTok Ads,CMP_101,0.6
49560c36-8560-4e8a-a7fb-19979d2cd944,2025-11-08,Facebook Ads,CMP_104,2.51
d9beccff-33a3-45f3-82bd-eabe706078eb,2025-11-02,Organic,,0.0
9d7d1756-3b4e-49f5-b2cd-9a0a840c5cb0,2025-11-10,TikTok Ads,CMP_102,0.84
ff2f6883-163b-4481-a84e-4cd4f9c3ee05,2025-11-12,TikTok Ads,CMP_101,0.55
848ac924-3347-4a91-9609-598e67cba27a,2025-11-11,Google Ads,CMP_101,2.1
58f42098-591c-4524-953b-0f1fea3e072a,2025-11-19,Unity Ads,CMP_102,0.92
932d1648-6769-40f1-ae01-b9e0746b161a,2025-11-08,Google Ads,CMP_105,1.37
4b541670-80cf-41db-9287-e3138f026c2c,2025-11-11,Google Ads,CMP_100,1.83
cb1b8eff-d02a-4cbb-89b4-094ae048f1de,2025-11-06,Facebook Ads,CMP_101,2.84
c1e9c4fa-3e47-47fd-851c-91f47bcf2b31,2025-11-09,TikTok Ads,CMP_104,0.94
1dc3c26e-7b62-459e-8700-749adcad8ec2,2025-11-19,TikTok Ads,CMP_104,0.68
ccd7608f-3adc-438c-b380-46efad4a2b3c,2025-11-16,TikTok Ads,CMP_102,1.01
3f8dcf96-436a-42bb-9509-8e07b368d836,2025-11-05,TikTok Ads,CMP_101,0.51
2db13deb-ee6f-4bea-8df7-164713769ff9,2025-11-26,Facebook Ads,CMP_101,2.17
bf0418a9-f276-4513-aeca-f62944e22691,2025-11-19,Unity Ads,CMP_100,1.46
df6c0d60-3df7-4a69-bc45-144a3c1fdff0,2025-11-08,Google Ads,CMP_105,1.5
27ef5357-5b24-4c2a-9e5c-5dcdd61a080a,2025-11-07,Unity Ads,CMP_100,1.42
db6a34ea-c3a5-4237-81b2-16cf9d23c3cf,2025-11-21,TikTok Ads,CMP_102,0.94
e1886146-fc40-43d4-a5eb-45497e0a04c2,2025-11-24,Unity Ads,CMP_105,1.06
c00b19de-38db-428d-a5db-6e4347bf8db7,2025-11-03,Facebook Ads,CMP_102,2.27
80a23721-0856-4684-8a6f-c4b3f08d312e,2025-11-12,Organic,,0.0
50ce857f-75c7-4fb6-84a9-1789b2c027e8,2025-11-17,Organic,,0.0
9cdf0664-5c91-4845-934f-c96d19ca9c1b,2025-11-17,Facebook Ads,CMP_105,2.04
9cf3137e-f562-437b-b8aa-16ea44f7f01a,2025-11-04,Organic,,0.0
5f4faf10-c08f-46d7-b361-e70a6b49acc6,2025-11-16,Facebook Ads,CMP_103,2.47
936db4a7-fab1-496a-a192-56139247e851,2025-11-01,TikTok Ads,CMP_105,0.61
618192de-db37-4ca7-aea5-e3418e2ac3ff,2025-11-17,Google Ads,CMP_104,2.4
226cbc6a-7fe5-44b6-abe8-c7562d36226c,2025-11-13,Google Ads,CMP_101,2.43
915d9a63-dbc6-4928-8fe8-4e20403fd582,2025-11-15,Facebook Ads,CMP_103,1.83
d6c6d997-79fe-4ccc-8119-20f6d0566199,2025-11-20,TikTok Ads,CMP_105,0.69
8eb7c306-8f73-498e-9c3d-0d5f5c6801d6,2025-11-22,Organic,,0.0
adf9568b-de0b-4e18-99e1-10eb1f096b9d,2025-11-08,Organic,,0.0
fab8328f-2cae-43a2-89d7-16efa62d7221,2025-11-07,TikTok Ads,CMP_103,0.57
726a030d-bc8c-4a8f-8655-a5977ccc63de,2025-11-20,TikTok Ads,CMP_100,0.85
de46222e-2514-47ce-b4e3-5f7ba1b7e3d8,2025-11-03,TikTok Ads,CMP_105,1.08
12439b0f-e835-4080-9951-8f98679f2f42,2025-11-21,Organic,,0.0
44791214-b5de-4807-8a96-5478a72bdddd,2025-11-23,Unity Ads,CMP_103,1.35
5cf85eeb-f053-4851-9ce0-e2bbc7edea02,2025-11-12,Google Ads,CMP_101,1.82
ba4f4b03-2002-4d9f-85e9-f407daada0b1,2025-11-03,Organic,,0.0
1a5ed196-65a4-479b-aaba-a4f935e80364,2025-11-23,Unity Ads,CMP_105,1.26
c3d6cd54-8623-4c74-a5a2-9cc8c55be95d,2025-11-26,Facebook Ads,CMP_104,2.14
63ccf604-e2ae-4f87-ae7c-a782a7a31d25,2025-11-09,TikTok Ads,CMP_105,0.69
86d895e5-219b-406d-a05c-8491a06109db,2025-11-13,TikTok Ads,CMP_102,0.84
f99863f2-7799-4ddb-b9e5-46e7dd3ee854,2025-11-18,Google Ads,CMP_105,1.95
8a0ec018-b297-49b2-b2cf-fcaef833ebfb,2025-11-13,Unity Ads,CMP_101,1.35
a3b81f92-a3c9-4c6a-8601-76336f5aad52,2025-11-04,TikTok Ads,CMP_105,0.93
4ed0730d-711d-41dd-96ed-0330ce015413,2025-11-23,Organic,,0.0
c21f84fc-d0bc-4ad5-85f8-0d9b00060d5a,2025-11-26,TikTok Ads,CMP_100,0.8
7def3b8e-ec0d-4c3a-b011-b125022111e5,2025-11-09,Organic,,0.0
3b30ee97-98d5-4cf5-8afc-f9e8cc476b72,2025-11-24,TikTok Ads,CMP_104,0.7
29cc0789-3ff9-4134-a50e-78e46fe633f1,2025-11-02,Facebook Ads,CMP_104,2.78
a0152b5b-6c17-4150-9447-16cc4352acea,2025-11-10,TikTok Ads,CMP_101,0.86
3020cf06-69b4-4194-84d1-8524cf0e1567,2025-11-20,Organic,,0.0
73e88db6-9e23-43d0-b491-5c14a30b669c,2025-11-06,Google Ads,CMP_103,2.07
88f3d7ea-f83f-4274-8cb4-afe126f341c8,2025-11-19,Organic,,0.0
17172654-3b99-4815-8219-a9c7ba23b07a,2025-11-03,TikTok Ads,CMP_102,1.14
7f96dd35-cca9-4089-8925-4bb54fc37d4e,2025-11-12,Facebook Ads,CMP_103,2.18
c02553ea-d7f2-4678-9489-8025548b2ce3,2025-11-19,TikTok Ads,CMP_100,0.57
3133839e-2e7d-452b-b85b-8a078b0ea0b9,2025-11-17,TikTok Ads,CMP_104,1.17
b6f56f1c-c4a5-41cd-b97f-49941f38df55,2025-11-26,Unity Ads,CMP_101,1.19
c55ffde8-bc3e-4d19-b5f9-423032fd73c5,2025-11-25,TikTok Ads,CMP_103,1.1
52b444e8-efab-4d73-8fe6-6636f6121d2c,2025-11-04,Facebook Ads,CMP_101,2.52
a3760c2d-7b31-4cdc-80d9-1a8e1f44aa88,2025-11-26,TikTok Ads,CMP_105,0.87
a206527c-3c68-41d6-9ce8-e12ff9287d26,2025-11-09,Google Ads,CMP_101,1.3
3e3b1a40-ca05-43a2-a553-b15f1ea15b0f,2025-11-16,TikTok Ads,CMP_105,0.69
5f13fb98-27ad-4d51-98a1-5e4fb03b6934,2025-11-22,Facebook Ads,CMP_102,2.6
ee4c1b18-56a2-449d-9e5f-8273af9a1168,2025-11-07,TikTok Ads,CMP_100,0.75
1b7e0502-ca9d-4831-894e-7397b38a3db1,2025-11-04,TikTok Ads,CMP_103,1.17
58e9d0aa-c1b6-4dd4-a507-84cbc9df301e,2025-11-12,TikTok Ads,CMP_103,1.11
b972393a-5bb0-4d76-a0b5-7717b072afc8,2025-11-06,TikTok Ads,CMP_104,0.59
7d76ab58-b271-415b-8af0-9ec34b726a7c,2025-11-26,Organic,,0.0
de1f1619-467b-49e5-b7e8-b762bb7eb979,2025-11-17,Facebook Ads,CMP_100,2.19
436adb9d-d1c5-4a00-8bb1-3407730ad7de,2025-11-23,Organic,,0.0
e207db20-2f7f-4cd7-bbd0-fe6c6108ffcc,2025-11-01,Google Ads,CMP_102,1.67
a885a7b4-1037-4a5c-b893-b08a52190216,2025-11-06,Unity Ads,CMP_102,1.47
9cf023dd-2775-49a2-8d2c-fe83c4072654,2025-11-12,Unity Ads,CMP_102,1.29
1111ee29-a8ad-4539-85f0-786a18a440bd,2025-11-12,TikTok Ads,CMP_104,0.59
310dc9d1-7c41-4a2a-9b67-f7bb33bb7382,2025-11-22,Facebook Ads,CMP_103,2.33
4185300d-971d-45fd-b389-50ce9fbc879e,2025-11-07,Organic,,0.0
356fdc0a-ebc8-46b7-ae22-4f7003599c6d,2025-11-06,TikTok Ads,CMP_102,0.87
f030bfd4-be54-498e-8eda-64335c65a65c,2025-11-26,TikTok Ads,CMP_100,0.53
876de8c5-440c-4e5b-9def-57b4d2da43ec,2025-11-23,Google Ads,CMP_105,1.82
19e9e3a4-18dc-4eb6-84fc-fcb0f5e90352,2025-11-04,Google Ads,CMP_102,1.93
a0154d65-91ed-454a-bfae-ef01a8290f3c,2025-11-12,TikTok Ads,CMP_104,0.64
b3da5808-756e-467d-acab-8b695ba37cb5,2025-11-21,Google Ads,CMP_105,1.66
a854027e-5667-4e49-8133-8bdc66cc7376,2025-11-17,Unity Ads,CMP_103,1.23
531c8812-ff31-450a-bdd0-84a18cd2216f,2025-11-21,Google Ads,CMP_104,1.75
9bc0fa93-52cd-4def-b9d2-76f4d37ee471,2025-11-19,Google Ads,CMP_102,1.5
5c29850b-410b-4c29-be9c-afcfed17f6e9,2025-11-21,Unity Ads,CMP_103,0.99
48d3d2ce-fba3-491f-88df-aaf8b9efaad6,2025-11-25,Facebook Ads,CMP_101,2.78
db107e7f-36fe-40b4-b8cd-9122fc0145e1,2025-11-24,Organic,,0.0
9255273f-ed09-40f7-9217-4fb08e6b3085,2025-11-07,Organic,,0.0
95082801-e3be-4ca0-9df9-24fb43d643ed,2025-11-16,Unity Ads,CMP_100,1.17
eafa4d5b-91ae-4d4c-a659-2d83920b725b,2025-11-04,Unity Ads,CMP_101,1.02
e6267164-d361-4b3a-bcff-ae922c435667,2025-11-24,Facebook Ads,CMP_101,2.29
61ad018a-9387-4413-8eef-7261bb1502ea,2025-11-01,Google Ads,CMP_103,2.32
1edbbe71-de2a-4ddf-ae24-9b726aa12abd,2025-11-18,TikTok Ads,CMP_104,0.62
a2466cd7-02ed-4d15-adbc-36d89a307096,2025-11-15,TikTok Ads,CMP_102,0.72
909e21ba-8a38-45aa-91be-ba8e0a8aeb94,2025-11-16,Unity Ads,CMP_103,1.02
f89617fa-6493-45ef-bf53-76a4bb48bbba,2025-11-09,TikTok Ads,CMP_101,1.07
1521ad35-560f-4e2d-a1d7-243225e42403,2025-11-12,Unity Ads,CMP_103,1.46
c6196773-6f3a-4f33-8077-7ac56605de3c,2025-11-10,TikTok Ads,CMP_100,0.66
9242ba54-a6f9-40e1-a533-9cf07ce4770e,2025-11-18,TikTok Ads,CMP_101,0.81
af4afcdd-52cb-4ae0-ae18-c9b3c6da85f1,2025-11-06,Organic,,0.0
521be8c2-30c3-4f8a-992a-b43d5d822e3a,2025-11-14,TikTok Ads,CMP_103,1.07
cd840a47-fd7b-4279-9253-55159dc0a8b5,2025-11-07,Organic,,0.0
af73b3cf-331e-41f2-bbc5-f97fd173b70b,2025-11-21,TikTok Ads,CMP_102,0.84
25ce2a21-ed3e-4846-9efa-0407f2edcab0,2025-11-01,Organic,,0.0
05d2d205-789f-4d96-b337-3c2f4e1c3762,2025-11-06,Unity Ads,CMP_101,1.31
7ba79d05-8c7e-4904-8237-692ac017466e,2025-11-03,Google Ads,CMP_103,1.75
e7f2418a-953f-4fd4-a069-4b6d04b51c12,2025-11-12,Facebook Ads,CMP_103,1.58
9e32f085-b24f-42b9-8a08-41de3360d115,2025-11-03,Google Ads,CMP_100,2.26
457498ca-a90e-419d-a37e-3f94110c8d92,2025-11-04,Unity Ads,CMP_100,0.97
a63fcf12-e226-4768-9e0e-9c534ae0fd7a,2025-11-07,Facebook Ads,CMP_105,2.21
dde4d194-7c12-4198-90c1-b8f7e76428c4,2025-11-10,Organic,,0.0
05804493-b664-4199-ad25-459e8f8937fa,2025-11-24,Google Ads,CMP_100,1.46
58c69158-04b4-4ac9-a831-7f0dbe9063fb,2025-11-22,Unity Ads,CMP_101,1.03
80520405-fa84-4b5f-ba6e-3743fef97d57,2025-11-26,Facebook Ads,CMP_100,1.51
fd88565a-d09a-434b-bffc-d743e3f16406,2025-11-19,Organic,,0.0
23238416-a82c-4e18-a491-982be5ad481d,2025-11-08,TikTok Ads,CMP_105,0.74
271a919f-92a9-4acd-bd88-49386ad65b8c,2025-11-02,TikTok Ads,CMP_101,1.05
34ee0b67-21bb-4183-8acf-d4d672fcc072,2025-11-16,Google Ads,CMP_103,2.25
86181db2-e60d-4a94-b483-d162b043a39a,2025-11-24,Google Ads,CMP_102,2.14
eac7dc2e-9099-4283-aedb-0ce5a7fecdcd,2025-11-02,TikTok Ads,CMP_101,0.99
e12ff6cd-d6ea-4269-914e-13532f237c4d,2025-11-19,Unity Ads,CMP_104,0.99
7168bdec-4da8-48b7-a947-cbacf610f40d,2025-11-18,Unity Ads,CMP_102,1.01
06b4ed27-2f4b-4be8-a1ac-fdb51b555f6d,2025-11-18,TikTok Ads,CMP_101,0.77
aff7ff5d-3b1d-42cf-bb70-509298ab182c,2025-11-01,Facebook Ads,CMP_100,1.98
7800e27a-9ace-43cc-989c-83f68098580d,2025-11-22,Unity Ads,CMP_101,1.34
29ede760-2334-48ba-b94e-08387dcf60fd,2025-11-20,Google Ads,CMP_104,1.34
69bd40d8-f340-4dd3-8515-75b9ece9504b,2025-11-22,Facebook Ads,CMP_100,1.77
fc5217cc-f467-4866-ad56-a2a02d54ff2b,2025-11-07,Organic,,0.0
67a55936-6d74-4a0b-bf2d-39c8e338e579,2025-11-19,TikTok Ads,CMP_102,0.68
926a4bd0-be12-4f8f-b06b-6c129c8b9550,2025-11-08,Facebook Ads,CMP_100,2.48
e0b62f90-0adb-44ff-a0b5-5615d3b6ef1b,2025-11-15,Unity Ads,CMP_105,1.38
c3e1847c-8420-40d8-a32c-817e8ec57d47,2025-11-02,Organic,,0.0
d3def87c-c60f-4252-8df7-42aee267e12b,2025-11-10,Organic,,0.0
84581f73-b0a0-41cd-8df6-c527eb45bc38,2025-11-04,TikTok Ads,CMP_104,0.96
1cf8d03f-802b-4bf4-b8ff-615c172720fa,2025-11-21,TikTok Ads,CMP_103,0.75
74246baa-2dca-4c82-8660-a3e9736d417c,2025-11-23,Facebook Ads,CMP_104,2.32
e83bcc84-a609-4ad0-b114-64aa52f69081,2025-11-11,Google Ads,CMP_102,1.92
730bc657-b4cb-4613-9d39-e9c217584f23,2025-11-12,Google Ads,CMP_104,1.99
60f11528-28ef-4f46-b323-123e9cb0c90c,2025-11-18,Google Ads,CMP_103,1.67
dcd81a8b-a8d6-4af6-9f0d-def190c40e45,2025-11-15,Google Ads,CMP_104,1.97
4f3c9771-4edd-4a2a-ab69-b4ae0d22af35,2025-11-05,Facebook Ads,CMP_102,1.82
f5defeba-21ae-439b-a606-d7c21e18046d,2025-11-01,Unity Ads,CMP_101,1.05
ceb557ac-8b22-4445-bfa7-0485dafc3805,2025-11-09,Google Ads,CMP_103,1.32
68ffae17-7428-4491-b9c8-42cba8d3110e,2025-11-19,Unity Ads,CMP_105,0.92
d1f379b1-8ebb-4208-a0ee-404f9ea8fcb1,2025-11-23,Google Ads,CMP_104,1.25
084d7822-da94-4e70-a537-41e409668d08,2025-11-13,Google Ads,CMP_103,1.65
fe656dcc-6abd-405a-9be0-0f8e0c8d51d2,2025-11-14,TikTok Ads,CMP_105,1.15
f75efed8-2d6b-4953-8fea-d84ec98cfd48,2025-11-25,Organic,,0.0
5e5a90c1-52a4-43f9-8c9e-903ac4bd338e,2025-11-11,Facebook Ads,CMP_105,1.73
227197ca-7887-43ed-8af7-15b7109efb40,2025-11-24,TikTok Ads,CMP_101,0.85
35845d71-b221-41c5-b5b8-6d0a864f36dd,2025-11-14,Google Ads,CMP_104,1.31
b95cec2d-7bd1-4655-9671-8639fcb86f9e,2025-11-24,Unity Ads,CMP_105,1.15
feb9ea24-933c-4d00-8680-0a0b42791490,2025-11-05,Unity Ads,CMP_104,1.08
7f6bf62c-a1c1-4b96-baab-d9f2850b7073,2025-11-07,Google Ads,CMP_102,2.21
00679b62-318c-4979-bab0-a15d4a5d6cea,2025-11-22,Unity Ads,CMP_102,1.1
ccb03fc5-3513-4238-991b-1a04bccaba38,2025-11-07,Organic,,0.0
a3336ea8-ce58-4e20-8f77-63e05982aa44,2025-11-25,TikTok Ads,CMP_103,1.08
4cdf697f-4eca-4e96-915d-b44fca4a40bc,2025-11-20,Facebook Ads,CMP_102,1.8
65637d1f-5763-4902-9552-0712af92ef22,2025-11-05,Facebook Ads,CMP_101,2.92
ac273009-ec1a-46d3-9683-0783d5759337,2025-11-10,Organic,,0.0
75eb0e8f-a090-460d-a7c7-655a7b434a72,2025-11-10,Facebook Ads,CMP_101,2.61
d5c97d5d-0e57-49ec-be1a-070fed83a4c8,2025-11-07,TikTok Ads,CMP_101,1.01
54eb8e20-af7c-4d2b-93d0-54e43550b07e,2025-11-23,TikTok Ads,CMP_101,0.53
56d2b14d-07fa-46f7-973a-ae7b47cc3a66,2025-11-02,TikTok Ads,CMP_103,0.69
dd56030e-1de9-47a2-985e-7e892ff8107a,2025-11-21,Google Ads,CMP_105,2.06
69f35b2d-4580-4ac2-8818-c965b5b81351,2025-11-12,Unity Ads,CMP_103,0.96
866cfb2b-3754-416f-8d79-132cf362d408,2025-11-17,TikTok Ads,CMP_101,0.87
8188de48-719b-4dd6-97b4-e75be9d18ec2,2025-11-07,Organic,,0.0
7bc4d138-ec73-4598-9711-d5fd30b1b67b,2025-11-02,Unity Ads,CMP_100,1.32
d277ab64-1927-43a7-9f2e-37e7c4fcbb84,2025-11-12,Facebook Ads,CMP_104,2.99
dd643387-b6b3-4fbc-a338-fb2975992b0a,2025-11-09,Organic,,0.0
0bcfd0fc-e3a1-4f97-b785-2ddb55527a3c,2025-11-18,Unity Ads,CMP_100,1.26
5225374a-35b8-426c-a462-ff64a38bbaa4,2025-11-24,TikTok Ads,CMP_102,0.61
1e1e5d91-abce-490f-b0ec-f41bc5d56016,2025-11-20,Facebook Ads,CMP_104,2.48
83997ac5-8f43-4250-9f79-5228f5530567,2025-11-18,TikTok Ads,CMP_103,1.14
cdd3214c-b450-4610-b17a-a7a9243d116d,2025-11-25,TikTok Ads,CMP_105,0.87
8a6342ca-56b7-479e-a46a-0b429cfecbd8,2025-11-04,Facebook Ads,CMP_102,2.59
6233960a-1b1e-46c3-8cea-af73aced4d55,2025-11-14,Google Ads,CMP_101,1.4
b3099e0d-b0ac-4677-960f-8680a124fdb2,2025-11-04,TikTok Ads,CMP_104,0.93
cf2e45ef-abbe-474a-8226-ab53b680873b,2025-11-19,Facebook Ads,CMP_102,2.53
b2d7692a-eb70-4da9-8d66-d79dd0170108,2025-11-03,TikTok Ads,CMP_105,0.83
394a97fd-f28b-4846-bb50-4fda7875b1c7,2025-11-12,Facebook Ads,CMP_101,1.75
aa4946f4-ead1-4758-b319-f18d2ef03a1b,2025-11-02,Unity Ads,CMP_105,0.96
59f8068e-1ce6-4a9f-b9af-834810bbc60d,2025-11-07,Unity Ads,CMP_103,1.41
8208fd42-209c-44a5-931e-1d4d9abc9859,2025-11-23,Unity Ads,CMP_100,1.08
760272ba-8862-436f-8d57-9d00cadcc10f,2025-11-20,TikTok Ads,CMP_104,0.92
7b7ce7cc-f950-47fa-a8b5-8db58c466308,2025-11-21,Organic,,0.0
6f73573b-faee-4acd-88c8-ccf96e5fbf71,2025-11-08,Organic,,0.0
13f0e33f-ab6b-4f08-a9a0-f4ef2c4f5416,2025-11-18,Unity Ads,CMP_102,1.08
d2701a52-18ff-48ad-8e1a-3a51534bfa86,2025-11-25,Google Ads,CMP_100,2.0
d066ad21-af7d-4f21-9bd6-b03d9927839b,2025-11-23,Unity Ads,CMP_104,0.86
23900c1d-d129-4d13-b7b5-67b4172d2bd0,2025-11-04,Google Ads,CMP_101,1.79
63d5e750-4a9f-450e-8800-61b673f621a8,2025-11-15,Organic,,0.0
e9c7c13a-cb5a-4d77-91fd-a27f4cbb7460,2025-11-09,Organic,,0.0
02141a68-952d-486c-96db-8a18fd8398c3,2025-11-03,Organic,,0.0
8c83bc68-e6ac-459a-9e85-643c0ffa2366,2025-11-17,Unity Ads,CMP_101,0.83
dd9d2e4d-483e-4d69-9c7a-bd161c153057,2025-11-11,Facebook Ads,CMP_105,1.77
61fe800a-b636-4c4c-9170-ca8aa00e0b60,2025-11-02,Unity Ads,CMP_101,1.0
8e301bcc-302f-4247-a39a-046d79912c51,2025-11-04,Google Ads,CMP_103,1.22
ab89736b-df6b-4b3f-bf59-477849d93a08,2025-11-16,Unity Ads,CMP_104,0.97
a86de251-7c98-456f-a288-109db8a9b014,2025-11-22,Organic,,0.0
74be4b20-dc32-48a0-aa75-80e2ce52309d,2025-11-20,TikTok Ads,CMP_105,0.69
d1f03374-8d53-4691-ac93-6f698269041a,2025-11-18,Organic,,0.0
7f8736f1-93f3-4702-81e6-ee9a9ac55023,2025-11-21,Organic,,0.0
938bd3f8-8bd1-4d4b-ad33-53fc692caaae,2025-11-22,Organic,,0.0
f63471f8-7b45-4d9c-948c-7eb41cf8570b,2025-11-02,Facebook Ads,CMP_104,2.51
c02627d1-fbd1-40c0-9bfe-679afbcbd6ec,2025-11-22,TikTok Ads,CMP_100,0.75
3ec77a8f-16a4-4b83-9c2d-9672e3d1803c,2025-11-03,Unity Ads,CMP_103,1.37
e7515d4b-0d82-4d52-9cf0-21b84ffffb59,2025-11-18,Organic,,0.0
6bc7b635-54de-49cd-bbdb-453692ef63c1,2025-11-23,TikTok Ads,CMP_101,0.65
bfda55c9-98fe-44f3-ac40-d95ab1eedf64,2025-11-20,TikTok Ads,CMP_103,1.19
0d36f5e4-92a6-43e6-ab48-c6e694010dfe,2025-11-24,Google Ads,CMP_104,1.54
20775ce4-151f-42f9-bc19-3e6f496cc03a,2025-11-20,Unity Ads,CMP_105,1.16
03a2cee9-41c7-49b3-9b9c-9b7c4674a0eb,2025-11-16,Facebook Ads,CMP_101,2.56
cecea5d3-5ea9-49ef-b257-dcb6a8be6c80,2025-11-01,Organic,,0.0
57c4e2c3-0878-4ef0-9cac-fa548702f4ad,2025-11-24,Google Ads,CMP_105,1.65
c0b4f6d6-7ef6-475b-966d-e2a1277664d0,2025-11-07,Google Ads,CMP_102,2.23
35fab528-2ad3-436f-a338-17fab9db1388,2025-11-10,Organic,,0.0
0d722918-1db1-4e86-91cc-c8d3c1676505,2025-11-22,TikTok Ads,CMP_100,0.93
ec264a0c-c09f-4c91-b2c0-a0cfbf03b8c2,2025-11-06,Unity Ads,CMP_100,1.44
87cb0e2a-2528-4a1b-833b-66fc797eb3e4,2025-11-21,Unity Ads,CMP_104,1.42
f63614f5-50d0-483d-adb1-be7a61cb0527,2025-11-11,Organic,,0.0
9c48c830-6e89-44f4-9820-10d1f4c873a7,2025-11-17,Organic,,0.0
a7830a8f-415e-4805-9928-aae5cd649aff,2025-11-07,Google Ads,CMP_101,1.29
c53f4f7e-96b6-4287-ac00-f929bbfbf76c,2025-11-09,TikTok Ads,CMP_104,1.09
ac3cbe34-02b5-4d3d-8c30-563f5032739c,2025-11-20,Google Ads,CMP_102,2.12
59fcfaeb-7229-44a9-af7c-e6091a99aae0,2025-11-23,Unity Ads,CMP_102,1.41
0e8fd00b-1789-46de-9e90-d10706113bfe,2025-11-15,Facebook Ads,CMP_100,1.67
161d6acf-1eb6-41f0-b532-1352b54468e4,2025-11-25,Organic,,0.0
cd9e84ec-90e9-4294-a5dd-2836e65fa9fa,2025-11-26,Unity Ads,CMP_104,1.31
13620119-efa9-40a3-a915-1364778a669f,2025-11-10,Organic,,0.0
12f178bd-c7de-41a9-a976-9b0f41e0cfaf,2025-11-17,Unity Ads,CMP_104,1.07
43c1136c-d013-47a3-b4a2-9332421becca,2025-11-04,TikTok Ads,CMP_102,1.11
a53e62ba-2dae-42c0-a483-b0e79c3cbe9d,2025-11-15,Google Ads,CMP_102,1.23
1b332e43-a4b1-4f6a-9d2c-e51b37e82d71,2025-11-21,Google Ads,CMP_102,1.56
40271514-ba40-462f-9243-a30112068ad6,2025-11-25,Facebook Ads,CMP_100,1.91
63f6bf77-aa23-4ba2-89af-9883eed21f94,2025-11-20,Google Ads,CMP_102,1.91
f09e0302-b525-44d9-83f0-23fd00f2baa4,2025-11-05,Google Ads,CMP_102,2.0
62699a44-00d8-4046-b9d1-19508a45e02e,2025-11-18,Unity Ads,CMP_100,1.43
555c4e18-5be2-424f-bdd9-9681ef5eeca5,2025-11-04,Unity Ads,CMP_104,0.93
f5ff3705-da74-4056-88dd-44cc5d87edd2,2025-11-19,Facebook Ads,CMP_105,2.57
8df21ad5-2d36-4b7e-b3ff-b402a5d5bbf9,2025-11-26,Unity Ads,CMP_100,1.2
1b552618-e57e-42d3-a3dd-e733b225574e,2025-11-26,Unity Ads,CMP_101,1.13
092385fe-23d3-4d22-b080-bed6bc3e34af,2025-11-05,Unity Ads,CMP_105,0.93
4ec77371-a4b6-4cfa-8a61-9e64caf0f442,2025-11-11,Organic,,0.0
5674b9e2-0e59-45aa-96db-638a097ba119,2025-11-16,Facebook Ads,CMP_102,1.92
dec56dc3-ad96-4213-b0a9-b97f7557c28c,2025-11-20,Unity Ads,CMP_100,1.37
bc4716ad-0970-409d-9270-c935ecc0baa6,2025-11-11,TikTok Ads,CMP_104,0.82
216aebcf-a616-4de4-b388-300a3e20718a,2025-11-14,Unity Ads,CMP_102,1.07
d5d9a385-2bb2-4cbc-9c79-4cdb74c88361,2025-11-07,Unity Ads,CMP_102,1.2
6d1c31d6-33e0-4a38-8df0-aaba1027fbf7,2025-11-18,Organic,,0.0
d62015f0-5253-46f7-a328-051e8bbf1b30,2025-11-24,TikTok Ads,CMP_104,0.82
1ee92d3b-102f-4f5c-95e3-92952c6710bd,2025-11-04,Unity Ads,CMP_100,0.85
3e5f7e23-704c-49e2-aa3d-d7698dac210d,2025-11-22,Organic,,0.0
e12f3b21-0400-4940-a862-8b4ec714d549,2025-11-03,Organic,,0.0
e30cdee2-97fe-4937-a6d9-77a1b4ecfe8d,2025-11-25,Google Ads,CMP_104,1.71
85e9054f-455c-4668-a3cb-9e1824a167fd,2025-11-15,Google Ads,CMP_105,1.59
b79a566b-2e14-42be-98a5-47b209a18b34,2025-11-10,TikTok Ads,CMP_104,0.51
8ec61be5-012b-409e-ab35-8d15590cee67,2025-11-13,TikTok Ads,CMP_100,1.18
8a2b466e-fc9d-40d0-82d9-4cc9dcdbf14e,2025-11-23,Google Ads,CMP_101,2.33
1cd889e2-3197-4167-8d95-ee7246c3e497,2025-11-14,Unity Ads,CMP_103,1.08
0dd4c0e6-0b09-4fcc-ac34-4cf0ab8e77a1,2025-11-18,Facebook Ads,CMP_102,2.33
e3dc419d-ce1e-4d1f-9de7-df7b5594552b,2025-11-14,Facebook Ads,CMP_100,1.7
0770d18f-c916-4147-a875-ad5d2d06f862,2025-11-21,Unity Ads,CMP_101,1.26
6b47ed61-5372-4bed-946b-448297bb9fbf,2025-11-03,TikTok Ads,CMP_104,1.15
3cb3c9fa-191a-4b3d-ba4f-ece7537d66c6,2025-11-06,Unity Ads,CMP_101,1.07
7c0224e5-95c8-4b2d-b892-d14512d2d7e6,2025-11-06,Facebook Ads,CMP_102,2.57
22eb69b1-5f9c-47e0-a328-143e2d9563ed,2025-11-14,Organic,,0.0
2090f35e-55fc-4991-b3c4-17d5450ab36d,2025-11-19,Unity Ads,CMP_100,1.47
c2a59d7b-2bd3-4971-ab10-b78675656daf,2025-11-05,Organic,,0.0
dae18b28-8d81-44b0-b85a-d28793ffc45f,2025-11-17,Organic,,0.0
9771d80b-3768-485b-bee3-dbaadcb913b4,2025-11-22,Google Ads,CMP_100,1.9
3f71e1ae-3f24-4a6a-9f62-9d0cbc7637a0,2025-11-16,Google Ads,CMP_102,1.75
014cc3a1-e5f3-4466-92de-0df8e9ebd446,2025-11-10,TikTok Ads,CMP_105,1.02
64f22a7c-87f7-47fa-acfa-855f089b5b49,2025-11-26,Unity Ads,CMP_104,1.2
b172ec53-032e-4730-80c9-c3ed8ef90060,2025-11-02,Organic,,0.0
173a0c96-ffbb-4bcc-a5cb-bf6f3d333164,2025-11-05,Google Ads,CMP_104,1.53
956abfdf-bf4e-4e46-9204-79cedba0c89e,2025-11-09,Organic,,0.0
2f589a81-67c5-429b-b400-a5e1dfcb821b,2025-11-20,Google Ads,CMP_102,2.25
6287729e-1219-4d94-a097-0ff4dc420980,2025-11-26,TikTok Ads,CMP_102,1.1
b2b3bb39-4510-4aad-80bd-44c06d07ee0b,2025-11-03,Unity Ads,CMP_101,1.34
bc5ad195-55f0-4600-a17f-348d9ed62705,2025-11-22,Google Ads,CMP_102,1.27
9e7f87a7-7721-4daa-9d97-5cdc620956a8,2025-11-25,Unity Ads,CMP_103,1.13
b5971e43-8f8d-4995-9127-4cb2b47299b6,2025-11-24,Unity Ads,CMP_101,1.13
bcc4f087-7a7e-4c31-a627-61671d121daf,2025-11-17,Unity Ads,CMP_102,1.07
e5def08e-5a4b-4fdb-9209-eaab39b6410e,2025-11-17,Google Ads,CMP_103,2.44
7c795dd9-73d1-4f3e-9860-c4f45f70b951,2025-11-20,Organic,,0.0
9ef6a99f-73b4-4af3-8ad1-d634e6426f0b,2025-11-09,Facebook Ads,CMP_104,2.6
e5dfc7af-6403-44bc-9486-0c2d1659ddcc,2025-11-25,Facebook Ads,CMP_100,1.97
26870a98-7f0f-4662-a5e0-50f6b273f93c,2025-11-22,Organic,,0.0
58c158e2-7951-452b-a1cc-8ba7ee854c72,2025-11-17,Google Ads,CMP_100,1.53
d5bf1edb-3b79-4a1e-8d4f-2875df2ddf20,2025-11-01,TikTok Ads,CMP_101,0.96
5388d128-c96d-425e-a563-9cf4a7dfeb92,2025-11-20,TikTok Ads,CMP_105,0.59
4e7674e9-ca12-4a49-a5f5-cdc821c7c0f6,2025-11-25,Facebook Ads,CMP_103,1.88
d8739636-c50e-4194-89c3-f48bf8815f18,2025-11-22,Google Ads,CMP_105,2.2
b639529e-2929-4691-ac93-e43d9e5e8cfe,2025-11-22,Organic,,0.0
cb618d75-aa96-4dfb-a79b-265ab15f3994,2025-11-09,Organic,,0.0
70de13fc-2060-417a-9314-14e8510e641f,2025-11-09,Unity Ads,CMP_101,1.49
fa5fafdb-5123-49fa-aa61-b32f08e1624e,2025-11-20,Organic,,0.0
eba18fa8-1f19-485b-8d33-0569889cd33d,2025-11-05,Organic,,0.0
01196e6d-27f3-4b78-91f9-cd77ed850a6d,2025-11-15,Organic,,0.0
f83811c5-4a32-4d2a-a55e-c749795235ad,2025-11-19,Unity Ads,CMP_105,0.9
56b405d7-712d-4406-ac1b-55dde82956cf,2025-11-01,Google Ads,CMP_104,2.38
4ede79b6-1deb-479d-8d0b-b6d7ad91f456,2025-11-01,Unity Ads,CMP_100,1.39
a42d10f5-9baf-4c20-8e16-af3f538cc0ca,2025-11-18,Unity Ads,CMP_104,0.88
15661feb-05c5-4f8d-b21a-6c3f47263c24,2025-11-12,Organic,,0.0
31c77a44-64f8-4226-8304-81c2f9d09e26,2025-11-12,Unity Ads,CMP_102,1.33
5ea011cd-6d79-48bf-9a92-e740b74966cb,2025-11-21,Unity Ads,CMP_102,1.26
8f9fdc15-dfd2-4d15-b211-4575fa3efd03,2025-11-23,Google Ads,CMP_105,1.83
29ee29f4-49e3-4b48-b147-f758cdbe5548,2025-11-15,Organic,,0.0
99125090-9651-4ec2-95e4-157d23bab528,2025-11-24,Organic,,0.0
55dddf38-fc94-44ae-867a-211ade162c17,2025-11-26,Unity Ads,CMP_100,1.48
